snapped_at,price
2015-08-07 00:00:00 UTC,2.83162
2015-08-08 00:00:00 UTC,1.33075
2015-08-10 00:00:00 UTC,0.687585709
2015-08-11 00:00:00 UTC,1.067378879
2015-08-12 00:00:00 UTC,1.256613175
2015-08-13 00:00:00 UTC,1.825395446
2015-08-14 00:00:00 UTC,1.825974891
2015-08-15 00:00:00 UTC,1.670949669
2015-08-16 00:00:00 UTC,1.476607254
2015-08-17 00:00:00 UTC,1.203871431
2015-08-18 00:00:00 UTC,1.281393052
2015-08-19 00:00:00 UTC,1.252738652
2015-08-20 00:00:00 UTC,1.484195074
2015-08-21 00:00:00 UTC,1.406314774
2015-08-22 00:00:00 UTC,1.380721536
2015-08-23 00:00:00 UTC,1.3551821
2015-08-24 00:00:00 UTC,1.246571683
2015-08-25 00:00:00 UTC,1.160828328
2015-08-26 00:00:00 UTC,1.119639156
2015-08-27 00:00:00 UTC,1.133690694
2015-08-28 00:00:00 UTC,1.188895699
2015-08-29 00:00:00 UTC,1.174343905
2015-08-30 00:00:00 UTC,1.32235088
2015-08-31 00:00:00 UTC,1.353368417
2015-09-01 00:00:00 UTC,1.350786689
2015-09-02 00:00:00 UTC,1.278810765
2015-09-03 00:00:00 UTC,1.26277072
2015-09-04 00:00:00 UTC,1.2695201
2015-09-05 00:00:00 UTC,1.334976229
2015-09-06 00:00:00 UTC,1.298883134
2015-09-07 00:00:00 UTC,1.25622344
2015-09-08 00:00:00 UTC,1.236033261
2015-09-09 00:00:00 UTC,1.206529945
2015-09-10 00:00:00 UTC,1.167234841
2015-09-11 00:00:00 UTC,0.976509093
2015-09-12 00:00:00 UTC,1.038203585
2015-09-13 00:00:00 UTC,0.93865215
2015-09-14 00:00:00 UTC,0.874022962
2015-09-15 00:00:00 UTC,0.941823186
2015-09-16 00:00:00 UTC,0.90321992
2015-09-17 00:00:00 UTC,0.883078729
2015-09-18 00:00:00 UTC,0.846070919
2015-09-19 00:00:00 UTC,0.8821038
2015-09-20 00:00:00 UTC,0.936327761
2015-09-21 00:00:00 UTC,0.901092879
2015-09-22 00:00:00 UTC,0.897142265
2015-09-23 00:00:00 UTC,0.894047522
2015-09-24 00:00:00 UTC,0.816037308
2015-09-25 00:00:00 UTC,0.7405193
2015-09-26 00:00:00 UTC,0.777801499
2015-09-27 00:00:00 UTC,0.721358423
2015-09-28 00:00:00 UTC,0.583057005
2015-09-29 00:00:00 UTC,0.65783249
2015-09-30 00:00:00 UTC,0.734763054
2015-10-01 00:00:00 UTC,0.68581219
2015-10-02 00:00:00 UTC,0.676221734
2015-10-03 00:00:00 UTC,0.687475758
2015-10-04 00:00:00 UTC,0.667546858
2015-10-05 00:00:00 UTC,0.628255074
2015-10-06 00:00:00 UTC,0.645657762
2015-10-07 00:00:00 UTC,0.610012697
2015-10-08 00:00:00 UTC,0.623483302
2015-10-09 00:00:00 UTC,0.650768765
2015-10-10 00:00:00 UTC,0.629794942
2015-10-11 00:00:00 UTC,0.637043981
2015-10-12 00:00:00 UTC,0.628787282
2015-10-13 00:00:00 UTC,0.602627272
2015-10-14 00:00:00 UTC,0.517689436
2015-10-15 00:00:00 UTC,0.561499004
2015-10-16 00:00:00 UTC,0.53314802
2015-10-17 00:00:00 UTC,0.549028309
2015-10-18 00:00:00 UTC,0.518444547
2015-10-19 00:00:00 UTC,0.487067298
2015-10-20 00:00:00 UTC,0.432978599
2015-10-21 00:00:00 UTC,0.439768974
2015-10-22 00:00:00 UTC,0.565461507
2015-10-23 00:00:00 UTC,0.540737767
2015-10-24 00:00:00 UTC,0.568573769
2015-10-25 00:00:00 UTC,0.631938809
2015-10-26 00:00:00 UTC,0.74395791
2015-10-27 00:00:00 UTC,0.85445525
2015-10-28 00:00:00 UTC,1.010409721
2015-10-29 00:00:00 UTC,1.163748636
2015-10-30 00:00:00 UTC,1.041849055
2015-10-31 00:00:00 UTC,0.907091628
2015-11-01 00:00:00 UTC,1.058541941
2015-11-02 00:00:00 UTC,0.95504586
2015-11-03 00:00:00 UTC,1.002344803
2015-11-04 00:00:00 UTC,0.901808661
2015-11-05 00:00:00 UTC,0.906601137
2015-11-06 00:00:00 UTC,0.909442199
2015-11-07 00:00:00 UTC,0.922482091
2015-11-08 00:00:00 UTC,1.030499514
2015-11-09 00:00:00 UTC,0.995802985
2015-11-10 00:00:00 UTC,0.934834222
2015-11-11 00:00:00 UTC,0.788761177
2015-11-12 00:00:00 UTC,0.900742067
2015-11-13 00:00:00 UTC,0.904081558
2015-11-14 00:00:00 UTC,0.884228905
2015-11-15 00:00:00 UTC,0.910825548
2015-11-16 00:00:00 UTC,0.933840784
2015-11-17 00:00:00 UTC,0.995273358
2015-11-18 00:00:00 UTC,0.99442858
2015-11-19 00:00:00 UTC,0.951471289
2015-11-20 00:00:00 UTC,0.926803119
2015-11-21 00:00:00 UTC,0.973572434
2015-11-22 00:00:00 UTC,0.964738532
2015-11-23 00:00:00 UTC,0.945220336
2015-11-24 00:00:00 UTC,0.899361135
2015-11-25 00:00:00 UTC,0.867707092
2015-11-26 00:00:00 UTC,0.894874771
2015-11-27 00:00:00 UTC,0.8707128
2015-11-28 00:00:00 UTC,0.917398775
2015-11-29 00:00:00 UTC,0.871744954
2015-11-30 00:00:00 UTC,0.873600932
2015-12-01 00:00:00 UTC,0.875003998
2015-12-02 00:00:00 UTC,0.822733781
2015-12-03 00:00:00 UTC,0.824765189
2015-12-04 00:00:00 UTC,0.838790951
2015-12-05 00:00:00 UTC,0.86458373
2015-12-06 00:00:00 UTC,0.834992487
2015-12-07 00:00:00 UTC,0.800750284
2015-12-08 00:00:00 UTC,0.818852709
2015-12-09 00:00:00 UTC,0.791829348
2015-12-10 00:00:00 UTC,0.847442242
2015-12-11 00:00:00 UTC,0.916738942
2015-12-12 00:00:00 UTC,0.97125831
2015-12-13 00:00:00 UTC,0.958303174
2015-12-14 00:00:00 UTC,0.995489835
2015-12-15 00:00:00 UTC,1.0170637
2015-12-16 00:00:00 UTC,0.988912442
2015-12-17 00:00:00 UTC,0.940228325
2015-12-18 00:00:00 UTC,0.921171783
2015-12-19 00:00:00 UTC,0.909632917
2015-12-20 00:00:00 UTC,0.903231643
2015-12-21 00:00:00 UTC,0.896806287
2015-12-22 00:00:00 UTC,0.878959313
2015-12-23 00:00:00 UTC,0.867565455
2015-12-24 00:00:00 UTC,0.861363016
2015-12-25 00:00:00 UTC,0.870718344
2015-12-26 00:00:00 UTC,0.853017865
2015-12-27 00:00:00 UTC,0.858887087
2015-12-28 00:00:00 UTC,0.842169613
2015-12-29 00:00:00 UTC,0.869487811
2015-12-30 00:00:00 UTC,0.900354302
2015-12-31 00:00:00 UTC,0.936539968
2016-01-01 00:00:00 UTC,0.946313343
2016-01-02 00:00:00 UTC,0.938126162
2016-01-03 00:00:00 UTC,0.972196976
2016-01-04 00:00:00 UTC,0.959297835
2016-01-05 00:00:00 UTC,0.953102241
2016-01-06 00:00:00 UTC,0.968434012
2016-01-07 00:00:00 UTC,0.95897678
2016-01-08 00:00:00 UTC,0.995574781
2016-01-09 00:00:00 UTC,1.024780968
2016-01-10 00:00:00 UTC,1.019965856
2016-01-11 00:00:00 UTC,1.068726621
2016-01-12 00:00:00 UTC,1.167362901
2016-01-13 00:00:00 UTC,1.129588346
2016-01-14 00:00:00 UTC,1.157377553
2016-01-15 00:00:00 UTC,1.210735463
2016-01-16 00:00:00 UTC,1.215691295
2016-01-17 00:00:00 UTC,1.321855712
2016-01-18 00:00:00 UTC,1.398301127
2016-01-19 00:00:00 UTC,1.376990019
2016-01-20 00:00:00 UTC,1.565411905
2016-01-21 00:00:00 UTC,1.544691862
2016-01-22 00:00:00 UTC,1.471341823
2016-01-23 00:00:00 UTC,1.692156285
2016-01-24 00:00:00 UTC,2.131691495
2016-01-25 00:00:00 UTC,2.481396086
2016-01-26 00:00:00 UTC,2.086782727
2016-01-27 00:00:00 UTC,2.384501159
2016-01-28 00:00:00 UTC,2.519719735
2016-01-29 00:00:00 UTC,2.486203232
2016-01-30 00:00:00 UTC,2.437601274
2016-01-31 00:00:00 UTC,2.298766557
2016-02-01 00:00:00 UTC,2.221883059
2016-02-02 00:00:00 UTC,2.403111855
2016-02-03 00:00:00 UTC,2.515949933
2016-02-04 00:00:00 UTC,2.557178944
2016-02-05 00:00:00 UTC,2.532878565
2016-02-06 00:00:00 UTC,2.517776369
2016-02-07 00:00:00 UTC,2.950776113
2016-02-08 00:00:00 UTC,3.165335694
2016-02-09 00:00:00 UTC,3.720453287
2016-02-10 00:00:00 UTC,4.427431438
2016-02-11 00:00:00 UTC,6.005000308
2016-02-12 00:00:00 UTC,5.475649284
2016-02-13 00:00:00 UTC,5.373284922
2016-02-14 00:00:00 UTC,5.169512436
2016-02-15 00:00:00 UTC,5.319058286
2016-02-16 00:00:00 UTC,4.368970122
2016-02-17 00:00:00 UTC,3.744022471
2016-02-18 00:00:00 UTC,4.397939042
2016-02-19 00:00:00 UTC,4.493895383
2016-02-20 00:00:00 UTC,4.301875678
2016-02-21 00:00:00 UTC,4.653970273
2016-02-22 00:00:00 UTC,5.608714258
2016-02-23 00:00:00 UTC,5.61209144
2016-02-24 00:00:00 UTC,6.134381259
2016-02-25 00:00:00 UTC,5.936257433
2016-02-26 00:00:00 UTC,5.897351626
2016-02-27 00:00:00 UTC,6.357091762
2016-02-28 00:00:00 UTC,6.440650849
2016-02-29 00:00:00 UTC,6.312028458
2016-03-01 00:00:00 UTC,7.56015705
2016-03-02 00:00:00 UTC,8.398318163
2016-03-03 00:00:00 UTC,9.504937043
2016-03-04 00:00:00 UTC,10.03776475
2016-03-05 00:00:00 UTC,10.93519774
2016-03-06 00:00:00 UTC,10.96466178
2016-03-07 00:00:00 UTC,9.397469869
2016-03-08 00:00:00 UTC,9.800690787
2016-03-09 00:00:00 UTC,11.97157976
2016-03-10 00:00:00 UTC,11.20642297
2016-03-11 00:00:00 UTC,11.20893669
2016-03-12 00:00:00 UTC,13.37620667
2016-03-13 00:00:00 UTC,14.89359978
2016-03-14 00:00:00 UTC,12.28982461
2016-03-15 00:00:00 UTC,12.96689767
2016-03-16 00:00:00 UTC,12.52943315
2016-03-17 00:00:00 UTC,10.95623221
2016-03-18 00:00:00 UTC,10.79765034
2016-03-19 00:00:00 UTC,10.43953587
2016-03-20 00:00:00 UTC,10.21749097
2016-03-21 00:00:00 UTC,11.85112269
2016-03-22 00:00:00 UTC,11.31742768
2016-03-23 00:00:00 UTC,12.40319151
2016-03-24 00:00:00 UTC,11.12762219
2016-03-25 00:00:00 UTC,10.64069143
2016-03-26 00:00:00 UTC,10.96552244
2016-03-27 00:00:00 UTC,10.37751682
2016-03-28 00:00:00 UTC,11.67625154
2016-03-29 00:00:00 UTC,11.73817083
2016-03-30 00:00:00 UTC,11.88228676
2016-03-31 00:00:00 UTC,11.35463054
2016-04-01 00:00:00 UTC,11.6360718
2016-04-02 00:00:00 UTC,11.56397763
2016-04-03 00:00:00 UTC,11.51238012
2016-04-04 00:00:00 UTC,11.18688124
2016-04-05 00:00:00 UTC,10.41948469
2016-04-06 00:00:00 UTC,10.66622342
2016-04-07 00:00:00 UTC,10.0295684
2016-04-08 00:00:00 UTC,9.758944911
2016-04-09 00:00:00 UTC,9.899719595
2016-04-10 00:00:00 UTC,8.814617176
2016-04-11 00:00:00 UTC,8.668292119
2016-04-12 00:00:00 UTC,7.516812234
2016-04-13 00:00:00 UTC,8.015604593
2016-04-14 00:00:00 UTC,8.433656021
2016-04-15 00:00:00 UTC,8.206137459
2016-04-16 00:00:00 UTC,8.555981967
2016-04-17 00:00:00 UTC,9.323170276
2016-04-18 00:00:00 UTC,8.960482405
2016-04-19 00:00:00 UTC,8.696773039
2016-04-20 00:00:00 UTC,8.484150723
2016-04-21 00:00:00 UTC,8.111040745
2016-04-22 00:00:00 UTC,7.855106665
2016-04-23 00:00:00 UTC,8.377192624
2016-04-24 00:00:00 UTC,7.995361207
2016-04-25 00:00:00 UTC,7.812751656
2016-04-26 00:00:00 UTC,7.424663266
2016-04-27 00:00:00 UTC,7.72469455
2016-04-28 00:00:00 UTC,7.250216005
2016-04-29 00:00:00 UTC,7.47581761
2016-04-30 00:00:00 UTC,8.892970092
2016-05-01 00:00:00 UTC,8.832454373
2016-05-02 00:00:00 UTC,10.10782117
2016-05-03 00:00:00 UTC,9.285335811
2016-05-04 00:00:00 UTC,9.414136136
2016-05-05 00:00:00 UTC,9.827130178
2016-05-06 00:00:00 UTC,9.277042147
2016-05-07 00:00:00 UTC,9.381202894
2016-05-08 00:00:00 UTC,9.529202062
2016-05-09 00:00:00 UTC,9.353276546
2016-05-10 00:00:00 UTC,9.350283704
2016-05-11 00:00:00 UTC,9.98130292
2016-05-12 00:00:00 UTC,10.09149229
2016-05-13 00:00:00 UTC,10.58566158
2016-05-14 00:00:00 UTC,10.17609857
2016-05-15 00:00:00 UTC,9.960446893
2016-05-16 00:00:00 UTC,11.13364598
2016-05-17 00:00:00 UTC,12.15713716
2016-05-18 00:00:00 UTC,13.35361431
2016-05-19 00:00:00 UTC,14.71832476
2016-05-20 00:00:00 UTC,13.69368343
2016-05-21 00:00:00 UTC,13.99924844
2016-05-22 00:00:00 UTC,14.24898607
2016-05-23 00:00:00 UTC,13.2350366
2016-05-24 00:00:00 UTC,12.66434299
2016-05-25 00:00:00 UTC,12.50426453
2016-05-26 00:00:00 UTC,12.49835341
2016-05-27 00:00:00 UTC,11.19174476
2016-05-28 00:00:00 UTC,11.76324561
2016-05-29 00:00:00 UTC,12.38905214
2016-05-30 00:00:00 UTC,12.67843107
2016-05-31 00:00:00 UTC,14.00927376
2016-06-01 00:00:00 UTC,13.85793783
2016-06-02 00:00:00 UTC,13.77433887
2016-06-03 00:00:00 UTC,13.84273588
2016-06-04 00:00:00 UTC,13.69739426
2016-06-05 00:00:00 UTC,13.97052907
2016-06-06 00:00:00 UTC,13.94200555
2016-06-07 00:00:00 UTC,14.54921695
2016-06-08 00:00:00 UTC,14.43177555
2016-06-09 00:00:00 UTC,14.44062374
2016-06-10 00:00:00 UTC,13.94373393
2016-06-11 00:00:00 UTC,13.96046097
2016-06-12 00:00:00 UTC,15.69700727
2016-06-13 00:00:00 UTC,17.55275029
2016-06-14 00:00:00 UTC,18.77037437
2016-06-15 00:00:00 UTC,18.42185369
2016-06-16 00:00:00 UTC,20.50940041
2016-06-17 00:00:00 UTC,15.39739782
2016-06-18 00:00:00 UTC,11.19713667
2016-06-19 00:00:00 UTC,12.23058703
2016-06-20 00:00:00 UTC,11.81483452
2016-06-21 00:00:00 UTC,12.98459788
2016-06-22 00:00:00 UTC,12.73775621
2016-06-23 00:00:00 UTC,13.676479
2016-06-24 00:00:00 UTC,13.9418969
2016-06-25 00:00:00 UTC,14.27628772
2016-06-26 00:00:00 UTC,13.84502996
2016-06-27 00:00:00 UTC,13.93254349
2016-06-28 00:00:00 UTC,12.29566056
2016-06-29 00:00:00 UTC,12.8004961
2016-06-30 00:00:00 UTC,13.3356267
2016-07-01 00:00:00 UTC,12.32964596
2016-07-02 00:00:00 UTC,12.0179825
2016-07-03 00:00:00 UTC,11.82516103
2016-07-04 00:00:00 UTC,11.42173873
2016-07-05 00:00:00 UTC,10.5408605
2016-07-06 00:00:00 UTC,10.51055994
2016-07-07 00:00:00 UTC,10.09893127
2016-07-08 00:00:00 UTC,11.39547875
2016-07-09 00:00:00 UTC,10.99572235
2016-07-10 00:00:00 UTC,10.95729434
2016-07-11 00:00:00 UTC,10.51545171
2016-07-12 00:00:00 UTC,10.60619361
2016-07-13 00:00:00 UTC,10.48905469
2016-07-14 00:00:00 UTC,11.24297096
2016-07-15 00:00:00 UTC,11.32509705
2016-07-16 00:00:00 UTC,11.70171602
2016-07-17 00:00:00 UTC,11.31478741
2016-07-18 00:00:00 UTC,11.02255634
2016-07-19 00:00:00 UTC,11.58250142
2016-07-20 00:00:00 UTC,12.15278827
2016-07-21 00:00:00 UTC,12.60591713
2016-07-22 00:00:00 UTC,14.31987737
2016-07-23 00:00:00 UTC,14.38972534
2016-07-24 00:00:00 UTC,12.80385181
2016-07-25 00:00:00 UTC,13.81663068
2016-07-26 00:00:00 UTC,11.77164176
2016-07-27 00:00:00 UTC,12.9663334
2016-07-28 00:00:00 UTC,12.88314961
2016-07-29 00:00:00 UTC,12.84003764
2016-07-30 00:00:00 UTC,12.54708178
2016-07-31 00:00:00 UTC,11.86840841
2016-08-01 00:00:00 UTC,10.96839785
2016-08-02 00:00:00 UTC,8.352592748
2016-08-03 00:00:00 UTC,10.22174782
2016-08-04 00:00:00 UTC,11.03216022
2016-08-05 00:00:00 UTC,10.94001411
2016-08-06 00:00:00 UTC,10.89863635
2016-08-07 00:00:00 UTC,10.92030806
2016-08-08 00:00:00 UTC,11.24580512
2016-08-09 00:00:00 UTC,12.19121871
2016-08-10 00:00:00 UTC,12.1412228
2016-08-11 00:00:00 UTC,11.98814019
2016-08-12 00:00:00 UTC,11.97372013
2016-08-13 00:00:00 UTC,11.57747267
2016-08-14 00:00:00 UTC,11.25990352
2016-08-15 00:00:00 UTC,11.23080705
2016-08-16 00:00:00 UTC,10.25082245
2016-08-17 00:00:00 UTC,10.73534634
2016-08-18 00:00:00 UTC,10.72421681
2016-08-19 00:00:00 UTC,10.71834472
2016-08-20 00:00:00 UTC,11.26275448
2016-08-21 00:00:00 UTC,11.15404431
2016-08-22 00:00:00 UTC,11.06137739
2016-08-23 00:00:00 UTC,11.01254308
2016-08-24 00:00:00 UTC,11.01381199
2016-08-25 00:00:00 UTC,11.33912744
2016-08-26 00:00:00 UTC,11.25681266
2016-08-27 00:00:00 UTC,11.14950759
2016-08-28 00:00:00 UTC,10.91304108
2016-08-29 00:00:00 UTC,10.90629059
2016-08-30 00:00:00 UTC,11.21087731
2016-08-31 00:00:00 UTC,11.49662475
2016-09-01 00:00:00 UTC,12.00287748
2016-09-02 00:00:00 UTC,12.0910428
2016-09-03 00:00:00 UTC,11.79758522
2016-09-04 00:00:00 UTC,11.66257954
2016-09-05 00:00:00 UTC,11.75189748
2016-09-06 00:00:00 UTC,11.68475544
2016-09-07 00:00:00 UTC,11.55002542
2016-09-08 00:00:00 UTC,11.33639873
2016-09-09 00:00:00 UTC,11.63011682
2016-09-10 00:00:00 UTC,12.11783086
2016-09-11 00:00:00 UTC,11.59605625
2016-09-12 00:00:00 UTC,11.84714198
2016-09-13 00:00:00 UTC,11.88172946
2016-09-14 00:00:00 UTC,11.91200801
2016-09-15 00:00:00 UTC,11.90147841
2016-09-16 00:00:00 UTC,12.52236928
2016-09-17 00:00:00 UTC,12.6845428
2016-09-18 00:00:00 UTC,12.36905214
2016-09-19 00:00:00 UTC,13.16016806
2016-09-20 00:00:00 UTC,14.30804658
2016-09-21 00:00:00 UTC,13.7051798
2016-09-22 00:00:00 UTC,13.23380274
2016-09-23 00:00:00 UTC,13.31899332
2016-09-24 00:00:00 UTC,12.85960577
2016-09-25 00:00:00 UTC,13.04559864
2016-09-26 00:00:00 UTC,12.8187464
2016-09-27 00:00:00 UTC,13.0747268
2016-09-28 00:00:00 UTC,13.31398944
2016-09-29 00:00:00 UTC,13.09665701
2016-09-30 00:00:00 UTC,13.19481816
2016-10-01 00:00:00 UTC,13.26982722
2016-10-02 00:00:00 UTC,13.19790993
2016-10-03 00:00:00 UTC,13.47060009
2016-10-04 00:00:00 UTC,13.26196221
2016-10-05 00:00:00 UTC,13.05665085
2016-10-06 00:00:00 UTC,12.82612846
2016-10-07 00:00:00 UTC,12.65567928
2016-10-08 00:00:00 UTC,12.17587496
2016-10-09 00:00:00 UTC,12.02951923
2016-10-10 00:00:00 UTC,11.83783209
2016-10-11 00:00:00 UTC,11.75026727
2016-10-12 00:00:00 UTC,11.85468766
2016-10-13 00:00:00 UTC,11.96064221
2016-10-14 00:00:00 UTC,11.91608947
2016-10-15 00:00:00 UTC,11.94460517
2016-10-16 00:00:00 UTC,11.93031339
2016-10-17 00:00:00 UTC,11.9749844
2016-10-18 00:00:00 UTC,12.50951126
2016-10-19 00:00:00 UTC,11.97380616
2016-10-20 00:00:00 UTC,12.01652208
2016-10-21 00:00:00 UTC,12.09057597
2016-10-22 00:00:00 UTC,12.04503828
2016-10-23 00:00:00 UTC,11.93380041
2016-10-24 00:00:00 UTC,11.89053545
2016-10-25 00:00:00 UTC,11.27271153
2016-10-26 00:00:00 UTC,11.49725737
2016-10-27 00:00:00 UTC,11.4566734
2016-10-28 00:00:00 UTC,11.52358438
2016-10-29 00:00:00 UTC,10.33681968
2016-10-30 00:00:00 UTC,11.18655716
2016-10-31 00:00:00 UTC,10.8807026
2016-11-01 00:00:00 UTC,10.79218738
2016-11-02 00:00:00 UTC,10.7835854
2016-11-03 00:00:00 UTC,10.8116301
2016-11-04 00:00:00 UTC,11.12999566
2016-11-05 00:00:00 UTC,11.06605826
2016-11-06 00:00:00 UTC,10.92076284
2016-11-07 00:00:00 UTC,10.87420083
2016-11-08 00:00:00 UTC,10.8901055
2016-11-09 00:00:00 UTC,10.66491816
2016-11-10 00:00:00 UTC,10.51928139
2016-11-11 00:00:00 UTC,10.29308735
2016-11-12 00:00:00 UTC,9.664325241
2016-11-13 00:00:00 UTC,10.11071946
2016-11-14 00:00:00 UTC,9.991652804
2016-11-15 00:00:00 UTC,10.20008386
2016-11-16 00:00:00 UTC,10.02536762
2016-11-17 00:00:00 UTC,9.963977985
2016-11-18 00:00:00 UTC,9.453697368
2016-11-19 00:00:00 UTC,9.667305807
2016-11-20 00:00:00 UTC,9.530496491
2016-11-21 00:00:00 UTC,9.575907933
2016-11-22 00:00:00 UTC,9.812491502
2016-11-23 00:00:00 UTC,9.753493133
2016-11-24 00:00:00 UTC,9.180997416
2016-11-25 00:00:00 UTC,9.335116894
2016-11-26 00:00:00 UTC,9.288306187
2016-11-27 00:00:00 UTC,8.907402683
2016-11-28 00:00:00 UTC,8.708452467
2016-11-29 00:00:00 UTC,8.158494316
2016-11-30 00:00:00 UTC,8.650154047
2016-12-01 00:00:00 UTC,8.439785439
2016-12-02 00:00:00 UTC,7.637917965
2016-12-03 00:00:00 UTC,7.892622837
2016-12-04 00:00:00 UTC,7.46913219
2016-12-05 00:00:00 UTC,6.815609222
2016-12-06 00:00:00 UTC,7.631916157
2016-12-07 00:00:00 UTC,8.135077983
2016-12-08 00:00:00 UTC,8.302596338
2016-12-09 00:00:00 UTC,8.504900485
2016-12-10 00:00:00 UTC,8.098585501
2016-12-11 00:00:00 UTC,8.214985823
2016-12-12 00:00:00 UTC,8.472511709
2016-12-13 00:00:00 UTC,8.351007262
2016-12-14 00:00:00 UTC,8.207853104
2016-12-15 00:00:00 UTC,7.77035797
2016-12-16 00:00:00 UTC,7.796626832
2016-12-17 00:00:00 UTC,7.820282701
2016-12-18 00:00:00 UTC,7.856185613
2016-12-19 00:00:00 UTC,7.592236165
2016-12-20 00:00:00 UTC,7.623783721
2016-12-21 00:00:00 UTC,7.856099401
2016-12-22 00:00:00 UTC,7.575643744
2016-12-23 00:00:00 UTC,7.201805732
2016-12-24 00:00:00 UTC,7.222762848
2016-12-25 00:00:00 UTC,7.213234159
2016-12-26 00:00:00 UTC,7.268475378
2016-12-27 00:00:00 UTC,7.171806594
2016-12-28 00:00:00 UTC,7.613307736
2016-12-29 00:00:00 UTC,8.172329057
2016-12-30 00:00:00 UTC,8.153786527
2016-12-31 00:00:00 UTC,8.010852235
2017-01-01 00:00:00 UTC,8.064789989
2017-01-02 00:00:00 UTC,8.361286161
2017-01-03 00:00:00 UTC,9.626792385
2017-01-04 00:00:00 UTC,10.97225285
2017-01-05 00:00:00 UTC,10.11525424
2017-01-06 00:00:00 UTC,10.1546583
2017-01-07 00:00:00 UTC,9.824278869
2017-01-08 00:00:00 UTC,10.2678367
2017-01-09 00:00:00 UTC,10.28595597
2017-01-10 00:00:00 UTC,10.52365071
2017-01-11 00:00:00 UTC,9.661693874
2017-01-12 00:00:00 UTC,9.667158942
2017-01-13 00:00:00 UTC,9.650805119
2017-01-14 00:00:00 UTC,9.695262752
2017-01-15 00:00:00 UTC,9.785923386
2017-01-16 00:00:00 UTC,9.521283917
2017-01-17 00:00:00 UTC,10.2584583
2017-01-18 00:00:00 UTC,10.12553774
2017-01-19 00:00:00 UTC,10.38530617
2017-01-20 00:00:00 UTC,10.54996056
2017-01-21 00:00:00 UTC,10.87263399
2017-01-22 00:00:00 UTC,10.74535605
2017-01-23 00:00:00 UTC,10.7510244
2017-01-24 00:00:00 UTC,10.39908725
2017-01-25 00:00:00 UTC,10.47167123
2017-01-26 00:00:00 UTC,10.55525588
2017-01-27 00:00:00 UTC,10.50997909
2017-01-28 00:00:00 UTC,10.55496295
2017-01-29 00:00:00 UTC,10.4304426
2017-01-30 00:00:00 UTC,10.5704113
2017-01-31 00:00:00 UTC,10.67729802
2017-02-01 00:00:00 UTC,10.70098942
2017-02-02 00:00:00 UTC,10.81046109
2017-02-03 00:00:00 UTC,10.93768558
2017-02-04 00:00:00 UTC,11.33331586
2017-02-05 00:00:00 UTC,11.24223884
2017-02-06 00:00:00 UTC,11.29401613
2017-02-07 00:00:00 UTC,11.43316744
2017-02-08 00:00:00 UTC,11.33515301
2017-02-09 00:00:00 UTC,10.91496395
2017-02-10 00:00:00 UTC,11.27564064
2017-02-11 00:00:00 UTC,11.39912537
2017-02-12 00:00:00 UTC,11.35416456
2017-02-13 00:00:00 UTC,11.28194702
2017-02-14 00:00:00 UTC,12.97214505
2017-02-15 00:00:00 UTC,12.93471601
2017-02-16 00:00:00 UTC,12.8359688
2017-02-17 00:00:00 UTC,12.70348385
2017-02-18 00:00:00 UTC,12.81628533
2017-02-19 00:00:00 UTC,12.7754456
2017-02-20 00:00:00 UTC,12.75022377
2017-02-21 00:00:00 UTC,12.73614094
2017-02-22 00:00:00 UTC,12.60029641
2017-02-23 00:00:00 UTC,13.15516546
2017-02-24 00:00:00 UTC,13.07187123
2017-02-25 00:00:00 UTC,13.54693861
2017-02-26 00:00:00 UTC,14.54767619
2017-02-27 00:00:00 UTC,15.35869036
2017-02-28 00:00:00 UTC,15.70278123
2017-03-01 00:00:00 UTC,17.16802971
2017-03-02 00:00:00 UTC,18.99358179
2017-03-03 00:00:00 UTC,19.58574948
2017-03-04 00:00:00 UTC,18.63867345
2017-03-05 00:00:00 UTC,19.24736466
2017-03-06 00:00:00 UTC,19.67070561
2017-03-07 00:00:00 UTC,18.82733332
2017-03-08 00:00:00 UTC,16.74974358
2017-03-09 00:00:00 UTC,17.63212882
2017-03-10 00:00:00 UTC,19.26359043
2017-03-11 00:00:00 UTC,21.39641323
2017-03-12 00:00:00 UTC,23.09884796
2017-03-13 00:00:00 UTC,28.4460652
2017-03-14 00:00:00 UTC,28.53666459
2017-03-15 00:00:00 UTC,34.19736421
2017-03-16 00:00:00 UTC,39.86185607
2017-03-17 00:00:00 UTC,44.06729599
2017-03-18 00:00:00 UTC,32.26798527
2017-03-19 00:00:00 UTC,44.0887975
2017-03-20 00:00:00 UTC,41.86369288
2017-03-21 00:00:00 UTC,42.47845801
2017-03-22 00:00:00 UTC,41.26261254
2017-03-23 00:00:00 UTC,43.27492998
2017-03-24 00:00:00 UTC,50.89479144
2017-03-25 00:00:00 UTC,50.67896649
2017-03-26 00:00:00 UTC,50.04945421
2017-03-27 00:00:00 UTC,49.0171138
2017-03-28 00:00:00 UTC,50.25954286
2017-03-29 00:00:00 UTC,52.84379426
2017-03-30 00:00:00 UTC,52.31317521
2017-03-31 00:00:00 UTC,49.96466728
2017-04-01 00:00:00 UTC,50.42578761
2017-04-02 00:00:00 UTC,48.37846728
2017-04-03 00:00:00 UTC,43.57923996
2017-04-04 00:00:00 UTC,41.79779505
2017-04-05 00:00:00 UTC,45.59029505
2017-04-06 00:00:00 UTC,42.97852521
2017-04-07 00:00:00 UTC,42.40137666
2017-04-08 00:00:00 UTC,44.50128439
2017-04-09 00:00:00 UTC,44.19076107
2017-04-10 00:00:00 UTC,43.90534129
2017-04-11 00:00:00 UTC,43.85889484
2017-04-12 00:00:00 UTC,46.19788349
2017-04-13 00:00:00 UTC,49.75033757
2017-04-14 00:00:00 UTC,47.56205172
2017-04-15 00:00:00 UTC,49.12279341
2017-04-16 00:00:00 UTC,48.70871928
2017-04-17 00:00:00 UTC,48.34641781
2017-04-18 00:00:00 UTC,50.75917082
2017-04-19 00:00:00 UTC,48.15949632
2017-04-20 00:00:00 UTC,50.06525365
2017-04-21 00:00:00 UTC,48.80173571
2017-04-22 00:00:00 UTC,49.07987065
2017-04-23 00:00:00 UTC,50.60871348
2017-04-24 00:00:00 UTC,51.09741864
2017-04-25 00:00:00 UTC,50.97375547
2017-04-26 00:00:00 UTC,54.87817857
2017-04-27 00:00:00 UTC,63.95735376
2017-04-28 00:00:00 UTC,73.01096292
2017-04-29 00:00:00 UTC,70.45153825
2017-04-30 00:00:00 UTC,79.80255394
2017-05-01 00:00:00 UTC,76.8461778
2017-05-02 00:00:00 UTC,77.34604387
2017-05-03 00:00:00 UTC,80.92949158
2017-05-04 00:00:00 UTC,94.1122652
2017-05-05 00:00:00 UTC,91.16038714
2017-05-06 00:00:00 UTC,96.42767965
2017-05-07 00:00:00 UTC,89.73967948
2017-05-08 00:00:00 UTC,87.94812005
2017-05-09 00:00:00 UTC,87.50244391
2017-05-10 00:00:00 UTC,88.41058887
2017-05-11 00:00:00 UTC,88.45664874
2017-05-12 00:00:00 UTC,88.18109149
2017-05-13 00:00:00 UTC,89.13893168
2017-05-14 00:00:00 UTC,90.05504056
2017-05-15 00:00:00 UTC,90.5041316
2017-05-16 00:00:00 UTC,87.09148558
2017-05-17 00:00:00 UTC,88.21316751
2017-05-18 00:00:00 UTC,96.62584623
2017-05-19 00:00:00 UTC,122.162783
2017-05-20 00:00:00 UTC,123.0282031
2017-05-21 00:00:00 UTC,148.6573205
2017-05-22 00:00:00 UTC,153.9900638
2017-05-23 00:00:00 UTC,171.0800283
2017-05-24 00:00:00 UTC,190.4258132
2017-05-25 00:00:00 UTC,176.8178151
2017-05-26 00:00:00 UTC,162.9444864
2017-05-27 00:00:00 UTC,159.0552476
2017-05-28 00:00:00 UTC,172.3406699
2017-05-29 00:00:00 UTC,196.0785933
2017-05-30 00:00:00 UTC,230.7983714
2017-05-31 00:00:00 UTC,231.3721267
2017-06-01 00:00:00 UTC,221.8280712
2017-06-02 00:00:00 UTC,224.3167055
2017-06-03 00:00:00 UTC,225.3975944
2017-06-04 00:00:00 UTC,247.4275411
2017-06-05 00:00:00 UTC,248.9301252
2017-06-06 00:00:00 UTC,266.1397081
2017-06-07 00:00:00 UTC,256.2189234
2017-06-08 00:00:00 UTC,260.3415097
2017-06-09 00:00:00 UTC,280.333548
2017-06-10 00:00:00 UTC,337.7921755
2017-06-11 00:00:00 UTC,341.0796489
2017-06-12 00:00:00 UTC,398.4307851
2017-06-13 00:00:00 UTC,389.9448222
2017-06-14 00:00:00 UTC,347.7813577
2017-06-15 00:00:00 UTC,346.3690699
2017-06-16 00:00:00 UTC,358.2845169
2017-06-17 00:00:00 UTC,372.357011
2017-06-18 00:00:00 UTC,359.4387121
2017-06-19 00:00:00 UTC,362.0442891
2017-06-20 00:00:00 UTC,358.0532311
2017-06-21 00:00:00 UTC,327.8909357
2017-06-22 00:00:00 UTC,326.959814
2017-06-23 00:00:00 UTC,331.9138051
2017-06-24 00:00:00 UTC,310.0546284
2017-06-25 00:00:00 UTC,288.0470263
2017-06-26 00:00:00 UTC,258.9194627
2017-06-27 00:00:00 UTC,280.8130147
2017-06-28 00:00:00 UTC,317.2936775
2017-06-29 00:00:00 UTC,300.1821526
2017-06-30 00:00:00 UTC,284.6910833
2017-07-01 00:00:00 UTC,262.4780734
2017-07-02 00:00:00 UTC,286.133607
2017-07-03 00:00:00 UTC,278.5971953
2017-07-04 00:00:00 UTC,269.7366306
2017-07-05 00:00:00 UTC,265.9369455
2017-07-06 00:00:00 UTC,267.4697236
2017-07-07 00:00:00 UTC,241.4766205
2017-07-08 00:00:00 UTC,246.214971
2017-07-09 00:00:00 UTC,238.7543185
2017-07-10 00:00:00 UTC,210.5281973
2017-07-11 00:00:00 UTC,194.3349365
2017-07-12 00:00:00 UTC,222.1388562
2017-07-13 00:00:00 UTC,206.4132504
2017-07-14 00:00:00 UTC,197.9694524
2017-07-15 00:00:00 UTC,171.7774409
2017-07-16 00:00:00 UTC,156.4689916
2017-07-17 00:00:00 UTC,188.3527773
2017-07-18 00:00:00 UTC,228.50328
2017-07-19 00:00:00 UTC,199.5905155
2017-07-20 00:00:00 UTC,223.4613484
2017-07-21 00:00:00 UTC,217.086474
2017-07-22 00:00:00 UTC,231.1435289
2017-07-23 00:00:00 UTC,226.7185993
2017-07-24 00:00:00 UTC,224.9134071
2017-07-25 00:00:00 UTC,206.8105048
2017-07-26 00:00:00 UTC,200.3285558
2017-07-27 00:00:00 UTC,203.1893218
2017-07-28 00:00:00 UTC,192.5856839
2017-07-29 00:00:00 UTC,205.5111192
2017-07-30 00:00:00 UTC,197.1989635
2017-07-31 00:00:00 UTC,203.2871963
2017-08-01 00:00:00 UTC,227.0805671
2017-08-02 00:00:00 UTC,219.0579293
2017-08-03 00:00:00 UTC,224.8679566
2017-08-04 00:00:00 UTC,221.6749595
2017-08-05 00:00:00 UTC,253.1556661
2017-08-06 00:00:00 UTC,263.2220862
2017-08-07 00:00:00 UTC,268.496629
2017-08-08 00:00:00 UTC,295.1470983
2017-08-09 00:00:00 UTC,297.0696048
2017-08-10 00:00:00 UTC,296.7767241
2017-08-11 00:00:00 UTC,306.8264332
2017-08-12 00:00:00 UTC,308.6255313
2017-08-13 00:00:00 UTC,297.1598027
2017-08-14 00:00:00 UTC,296.3972895
2017-08-15 00:00:00 UTC,288.4507672
2017-08-16 00:00:00 UTC,300.0393294
2017-08-17 00:00:00 UTC,300.5703438
2017-08-18 00:00:00 UTC,296.1146354
2017-08-19 00:00:00 UTC,296.6220895
2017-08-20 00:00:00 UTC,295.1715773
2017-08-21 00:00:00 UTC,322.2012201
2017-08-22 00:00:00 UTC,312.1744706
2017-08-23 00:00:00 UTC,316.7889202
2017-08-24 00:00:00 UTC,321.7852984
2017-08-25 00:00:00 UTC,329.025281
2017-08-26 00:00:00 UTC,329.8657826
2017-08-27 00:00:00 UTC,343.3413371
2017-08-28 00:00:00 UTC,344.2011314
2017-08-29 00:00:00 UTC,366.8095899
2017-08-30 00:00:00 UTC,378.9063307
2017-08-31 00:00:00 UTC,382.9344508
2017-09-01 00:00:00 UTC,386.343057
2017-09-02 00:00:00 UTC,346.3987755
2017-09-03 00:00:00 UTC,349.9292404
2017-09-04 00:00:00 UTC,299.7173319
2017-09-05 00:00:00 UTC,318.9728041
2017-09-06 00:00:00 UTC,333.20633
2017-09-07 00:00:00 UTC,329.4156625
2017-09-08 00:00:00 UTC,304.4751083
2017-09-09 00:00:00 UTC,299.6944445
2017-09-10 00:00:00 UTC,292.7796568
2017-09-11 00:00:00 UTC,296.4753988
2017-09-12 00:00:00 UTC,290.586532
2017-09-13 00:00:00 UTC,277.3336579
2017-09-14 00:00:00 UTC,214.3117136
2017-09-15 00:00:00 UTC,246.9218573
2017-09-16 00:00:00 UTC,244.8056118
2017-09-17 00:00:00 UTC,249.666546
2017-09-18 00:00:00 UTC,287.9610957
2017-09-19 00:00:00 UTC,280.4456323
2017-09-20 00:00:00 UTC,279.4176492
2017-09-21 00:00:00 UTC,257.4650745
2017-09-22 00:00:00 UTC,263.4697737
2017-09-23 00:00:00 UTC,283.222159
2017-09-24 00:00:00 UTC,280.6810447
2017-09-25 00:00:00 UTC,288.0857009
2017-09-26 00:00:00 UTC,283.9294531
2017-09-27 00:00:00 UTC,302.1518454
2017-09-28 00:00:00 UTC,294.313838
2017-09-29 00:00:00 UTC,288.1145969
2017-09-30 00:00:00 UTC,297.2689356
2017-10-01 00:00:00 UTC,299.674889
2017-10-02 00:00:00 UTC,295.8400297
2017-10-03 00:00:00 UTC,292.2107207
2017-10-04 00:00:00 UTC,293.0357028
2017-10-05 00:00:00 UTC,293.7193461
2017-10-06 00:00:00 UTC,307.7089806
2017-10-07 00:00:00 UTC,309.5982491
2017-10-08 00:00:00 UTC,307.0581369
2017-10-09 00:00:00 UTC,295.9010451
2017-10-10 00:00:00 UTC,299.9170114
2017-10-11 00:00:00 UTC,303.2474665
2017-10-12 00:00:00 UTC,302.0199977
2017-10-13 00:00:00 UTC,337.9526134
2017-10-14 00:00:00 UTC,335.3382448
2017-10-15 00:00:00 UTC,335.391355
2017-10-16 00:00:00 UTC,331.9672147
2017-10-17 00:00:00 UTC,317.8982125
2017-10-18 00:00:00 UTC,314.4565542
2017-10-19 00:00:00 UTC,308.4746839
2017-10-20 00:00:00 UTC,302.3564969
2017-10-21 00:00:00 UTC,300.693846
2017-10-22 00:00:00 UTC,295.4882479
2017-10-23 00:00:00 UTC,289.4140251
2017-10-24 00:00:00 UTC,298.7557343
2017-10-25 00:00:00 UTC,298.4839668
2017-10-26 00:00:00 UTC,295.7078546
2017-10-27 00:00:00 UTC,297.9291297
2017-10-28 00:00:00 UTC,296.4649529
2017-10-29 00:00:00 UTC,303.7411304
2017-10-30 00:00:00 UTC,306.2494615
2017-10-31 00:00:00 UTC,303.542117
2017-11-01 00:00:00 UTC,292.3305387
2017-11-02 00:00:00 UTC,287.0696687
2017-11-03 00:00:00 UTC,305.8432727
2017-11-04 00:00:00 UTC,299.9549104
2017-11-05 00:00:00 UTC,297.5173231
2017-11-06 00:00:00 UTC,301.3707946
2017-11-07 00:00:00 UTC,295.2351134
2017-11-08 00:00:00 UTC,308.9339866
2017-11-09 00:00:00 UTC,322.3295205
2017-11-10 00:00:00 UTC,301.3549334
2017-11-11 00:00:00 UTC,316.258342
2017-11-12 00:00:00 UTC,314.1661277
2017-11-13 00:00:00 UTC,315.3439564
2017-11-14 00:00:00 UTC,338.9376274
2017-11-15 00:00:00 UTC,334.2869325
2017-11-16 00:00:00 UTC,330.0213156
2017-11-17 00:00:00 UTC,333.351255
2017-11-18 00:00:00 UTC,348.7472155
2017-11-19 00:00:00 UTC,353.4357296
2017-11-20 00:00:00 UTC,365.786816
2017-11-21 00:00:00 UTC,361.0558226
2017-11-22 00:00:00 UTC,379.4090573
2017-11-23 00:00:00 UTC,412.5576115
2017-11-24 00:00:00 UTC,475.002015
2017-11-25 00:00:00 UTC,467.44639
2017-11-26 00:00:00 UTC,468.9980994
2017-11-27 00:00:00 UTC,484.3626242
2017-11-28 00:00:00 UTC,474.1828947
2017-11-29 00:00:00 UTC,428.3454433
2017-11-30 00:00:00 UTC,454.1609815
2017-12-01 00:00:00 UTC,469.8634796
2017-12-02 00:00:00 UTC,469.8570505
2017-12-03 00:00:00 UTC,461.8804819
2017-12-04 00:00:00 UTC,472.2527355
2017-12-05 00:00:00 UTC,467.016663
2017-12-06 00:00:00 UTC,448.3282222
2017-12-07 00:00:00 UTC,451.8255819
2017-12-08 00:00:00 UTC,467.8816626
2017-12-09 00:00:00 UTC,482.0355189
2017-12-10 00:00:00 UTC,446.6910581
2017-12-11 00:00:00 UTC,509.0008762
2017-12-12 00:00:00 UTC,661.8413323
2017-12-13 00:00:00 UTC,709.8831936
2017-12-14 00:00:00 UTC,704.6218437
2017-12-15 00:00:00 UTC,693.0970641
2017-12-16 00:00:00 UTC,702.2446128
2017-12-17 00:00:00 UTC,728.7004712
2017-12-18 00:00:00 UTC,798.115404
2017-12-19 00:00:00 UTC,829.9892018
2017-12-20 00:00:00 UTC,813.4036023
2017-12-21 00:00:00 UTC,812.8851591
2017-12-22 00:00:00 UTC,669.2764923
2017-12-23 00:00:00 UTC,715.7190683
2017-12-24 00:00:00 UTC,686.2083089
2017-12-25 00:00:00 UTC,733.9025459
2017-12-26 00:00:00 UTC,774.1101981
2017-12-27 00:00:00 UTC,764.967062
2017-12-28 00:00:00 UTC,736.840047
2017-12-29 00:00:00 UTC,755.3436413
2017-12-30 00:00:00 UTC,736.9091915
2017-12-31 00:00:00 UTC,774.6962555
2018-01-01 00:00:00 UTC,776.0803304
2018-01-02 00:00:00 UTC,876.8902588
2018-01-03 00:00:00 UTC,963.0557507
2018-01-04 00:00:00 UTC,978.4161042
2018-01-05 00:00:00 UTC,1004.894972
2018-01-06 00:00:00 UTC,1052.02336
2018-01-07 00:00:00 UTC,1137.654919
2018-01-08 00:00:00 UTC,1184.92393
2018-01-09 00:00:00 UTC,1361.439668
2018-01-10 00:00:00 UTC,1345.587602
2018-01-11 00:00:00 UTC,1181.65141
2018-01-12 00:00:00 UTC,1315.618758
2018-01-13 00:00:00 UTC,1448.180086
2018-01-14 00:00:00 UTC,1410.000215
2018-01-15 00:00:00 UTC,1329.671397
2018-01-16 00:00:00 UTC,1068.600411
2018-01-17 00:00:00 UTC,1022.365213
2018-01-18 00:00:00 UTC,1036.072313
2018-01-19 00:00:00 UTC,1046.898597
2018-01-20 00:00:00 UTC,1172.917206
2018-01-21 00:00:00 UTC,1053.633202
2018-01-22 00:00:00 UTC,1000.387133
2018-01-23 00:00:00 UTC,991.6653206
2018-01-24 00:00:00 UTC,1056.879233
2018-01-25 00:00:00 UTC,1059.315496
2018-01-26 00:00:00 UTC,1048.798906
2018-01-27 00:00:00 UTC,1095.782514
2018-01-28 00:00:00 UTC,1237.324176
2018-01-29 00:00:00 UTC,1169.634257
2018-01-30 00:05:11 UTC,1161.908643
2018-01-31 00:00:00 UTC,1058.096053
2018-02-01 00:00:00 UTC,1106.138172
2018-02-02 00:00:00 UTC,1021.269379
2018-02-03 00:00:00 UTC,914.6388425
2018-02-04 00:00:00 UTC,941.8032295
2018-02-05 00:00:00 UTC,834.8891703
2018-02-06 00:00:00 UTC,684.3133397
2018-02-07 00:00:00 UTC,785.7389155
2018-02-08 00:05:23 UTC,751.8878894
2018-02-09 00:00:00 UTC,807.8227505
2018-02-10 00:00:00 UTC,871.3268829
2018-02-11 00:00:00 UTC,854.3498784
2018-02-12 00:00:00 UTC,817.2905244
2018-02-13 00:00:00 UTC,862.7487726
2018-02-14 00:00:00 UTC,833.7791837
2018-02-15 00:00:00 UTC,915.076543
2018-02-16 00:00:00 UTC,928.2935214
2018-02-17 00:00:00 UTC,934.6767105
2018-02-18 00:00:00 UTC,964.2765079
2018-02-19 00:00:00 UTC,915.0920469
2018-02-20 00:00:00 UTC,928.2902425
2018-02-21 00:00:00 UTC,902.9690554
2018-02-22 00:00:00 UTC,809.1296597
2018-02-23 00:00:00 UTC,812.4468626
2018-02-24 00:00:00 UTC,864.6697536
2018-02-25 00:00:00 UTC,828.723399
2018-02-26 00:00:00 UTC,842.6280248
2018-02-27 00:00:00 UTC,863.6502752
2018-02-28 00:00:00 UTC,869.2632438
2018-03-01 00:00:00 UTC,846.3652118
2018-03-02 00:00:00 UTC,855.6787797
2018-03-03 00:00:00 UTC,850.4429896
2018-03-04 00:00:00 UTC,844.2552535
2018-03-05 00:00:00 UTC,843.7565763
2018-03-06 00:00:00 UTC,840.1509955
2018-03-07 00:00:00 UTC,808.4491332
2018-03-08 00:00:00 UTC,752.5931712
2018-03-09 00:00:00 UTC,699.1898985
2018-03-10 00:00:00 UTC,710.8916533
2018-03-11 00:00:00 UTC,684.9343401
2018-03-12 00:00:00 UTC,713.19533
2018-03-13 00:00:00 UTC,695.314203
2018-03-14 00:00:00 UTC,684.6415844
2018-03-15 00:00:00 UTC,608.3931488
2018-03-16 00:00:00 UTC,612.4435397
2018-03-17 00:00:00 UTC,607.8794875
2018-03-18 00:00:00 UTC,560.1094331
2018-03-19 00:00:00 UTC,538.6905901
2018-03-20 00:00:00 UTC,555.0775482
2018-03-21 00:00:00 UTC,554.209826
2018-03-22 00:00:00 UTC,561.1465342
2018-03-23 00:00:00 UTC,537.7059724
2018-03-24 00:00:00 UTC,538.1090292
2018-03-25 00:00:00 UTC,519.4855998
2018-03-26 00:00:00 UTC,519.3780446
2018-03-27 00:00:00 UTC,487.5396121
2018-03-28 00:00:00 UTC,449.0522525
2018-03-29 00:00:00 UTC,443.949101
2018-03-30 00:00:00 UTC,385.3270957
2018-03-31 00:00:00 UTC,395.3262633
2018-04-01 00:00:00 UTC,395.796381
2018-04-02 00:00:00 UTC,379.1235134
2018-04-03 00:00:00 UTC,384.8259823
2018-04-04 00:00:00 UTC,415.716234
2018-04-05 00:00:00 UTC,380.2819596
2018-04-06 00:00:00 UTC,384.4644854
2018-04-07 00:00:00 UTC,369.9138977
2018-04-08 00:00:00 UTC,383.4463609
2018-04-09 00:00:00 UTC,396.9817555
2018-04-10 00:00:00 UTC,398.773355
2018-04-11 00:00:00 UTC,412.6893456
2018-04-12 00:00:00 UTC,427.384946
2018-04-13 00:00:00 UTC,488.6054893
2018-04-14 00:00:00 UTC,488.9921813
2018-04-15 00:00:00 UTC,495.1129136
2018-04-16 00:00:00 UTC,525.5274445
2018-04-17 00:00:00 UTC,507.1103131
2018-04-18 00:00:00 UTC,498.4670076
2018-04-19 00:00:00 UTC,517.3740432
2018-04-20 00:00:00 UTC,566.3920839
2018-04-21 00:00:00 UTC,590.2719225
2018-04-22 00:00:00 UTC,600.2596768
2018-04-23 00:00:00 UTC,617.2024079
2018-04-24 00:00:00 UTC,636.3671639
2018-04-25 00:00:00 UTC,705.0276448
2018-04-26 00:00:00 UTC,613.7267253
2018-04-27 00:00:00 UTC,657.0577935
2018-04-28 00:00:00 UTC,641.9936056
2018-04-29 00:00:00 UTC,672.5969368
2018-04-30 00:00:00 UTC,680.1204954
2018-05-01 00:00:00 UTC,662.7327358
2018-05-02 00:00:00 UTC,665.2257861
2018-05-03 00:00:00 UTC,676.5525639
2018-05-04 00:00:00 UTC,781.4257805
2018-05-05 00:00:00 UTC,777.907647
2018-05-06 00:00:00 UTC,807.0673292
2018-05-07 00:00:00 UTC,785.8927435
2018-05-08 00:00:00 UTC,748.8131414
2018-05-09 00:00:00 UTC,744.3248257
2018-05-10 00:00:00 UTC,743.6398157
2018-05-11 00:00:00 UTC,717.4128744
2018-05-12 00:00:00 UTC,675.2917525
2018-05-13 00:00:00 UTC,683.1702676
2018-05-14 00:00:00 UTC,726.8719105
2018-05-15 00:00:00 UTC,727.8026816
2018-05-16 00:00:00 UTC,703.1556815
2018-05-17 00:00:00 UTC,702.4531187
2018-05-18 00:00:00 UTC,665.6275313
2018-05-19 00:00:00 UTC,686.2132687
2018-05-20 00:00:00 UTC,685.846754
2018-05-21 00:00:00 UTC,703.8146666
2018-05-22 00:00:00 UTC,688.9132212
2018-05-23 00:00:00 UTC,641.1003511
2018-05-24 00:00:00 UTC,581.2411881
2018-05-25 00:00:00 UTC,597.8487719
2018-05-26 00:00:00 UTC,582.2793863
2018-05-27 00:00:00 UTC,580.4834598
2018-05-28 00:00:00 UTC,565.9260648
2018-05-29 00:00:00 UTC,511.6158804
2018-05-30 00:00:00 UTC,561.7406615
2018-05-31 00:00:00 UTC,555.349151
2018-06-01 00:00:00 UTC,571.7271135
2018-06-02 00:00:00 UTC,573.8335505
2018-06-03 00:00:00 UTC,583.1316392
2018-06-04 00:00:00 UTC,609.2946747
2018-06-05 00:00:00 UTC,586.575976
2018-06-06 00:00:00 UTC,600.678279
2018-06-07 00:00:00 UTC,598.2160985
2018-06-08 00:00:00 UTC,595.1261407
2018-06-09 00:00:00 UTC,590.4981452
2018-06-10 00:00:00 UTC,581.1212497
2018-06-11 00:00:00 UTC,522.9980387
2018-06-12 00:00:00 UTC,529.1308298
2018-06-13 00:00:00 UTC,495.0763559
2018-06-14 00:00:00 UTC,474.859113
2018-06-15 00:00:00 UTC,516.6441704
2018-06-16 00:00:00 UTC,485.4328365
2018-06-17 00:00:00 UTC,493.0678581
2018-06-18 00:00:00 UTC,491.400276
2018-06-19 00:00:00 UTC,512.4288525
2018-06-20 00:00:00 UTC,532.0039134
2018-06-21 00:00:00 UTC,529.7630466
2018-06-22 00:00:00 UTC,520.6671645
2018-06-23 00:00:00 UTC,463.9408287
2018-06-24 00:00:00 UTC,472.9772648
2018-06-25 00:00:00 UTC,455.7184306
2018-06-26 00:00:00 UTC,458.9258012
2018-06-27 00:00:00 UTC,430.6017844
2018-06-28 00:00:00 UTC,437.8765375
2018-06-29 00:00:00 UTC,420.8621242
2018-06-30 00:00:00 UTC,432.5072205
2018-07-01 00:00:00 UTC,449.4300451
2018-07-02 00:00:00 UTC,447.6805506
2018-07-03 00:00:00 UTC,472.3116584
2018-07-04 00:00:00 UTC,459.6987235
2018-07-05 00:00:00 UTC,463.2222083
2018-07-06 00:00:00 UTC,466.8794801
2018-07-07 00:00:00 UTC,467.5901145
2018-07-08 00:00:00 UTC,481.5238235
2018-07-09 00:00:00 UTC,483.8040308
2018-07-10 00:00:00 UTC,469.7022294
2018-07-11 00:00:00 UTC,431.7644545
2018-07-12 00:00:00 UTC,443.0254304
2018-07-13 00:00:00 UTC,427.7922444
2018-07-14 00:00:00 UTC,431.2669397
2018-07-15 00:00:00 UTC,431.7845684
2018-07-16 00:00:00 UTC,446.6095209
2018-07-17 00:00:00 UTC,478.208507
2018-07-18 00:00:00 UTC,497.1775461
2018-07-19 00:00:00 UTC,475.9901579
2018-07-20 00:00:00 UTC,464.7899427
2018-07-21 00:00:00 UTC,447.2032909
2018-07-22 00:00:00 UTC,458.0790284
2018-07-23 00:00:00 UTC,455.5332019
2018-07-24 00:00:00 UTC,447.9213791
2018-07-25 00:00:00 UTC,477.2092717
2018-07-26 00:00:00 UTC,468.7374923
2018-07-27 00:00:00 UTC,460.8693339
2018-07-28 00:00:00 UTC,467.9579266
2018-07-29 00:00:00 UTC,465.8991553
2018-07-30 00:00:00 UTC,466.4192291
2018-07-31 00:00:00 UTC,458.0809212
2018-08-01 00:00:00 UTC,432.3501179
2018-08-02 00:00:00 UTC,417.2754068
2018-08-03 00:00:00 UTC,410.9251331
2018-08-04 00:00:00 UTC,417.3553932
2018-08-05 00:00:00 UTC,406.8839912
2018-08-06 00:00:00 UTC,409.1649354
2018-08-07 00:00:00 UTC,404.8171979
2018-08-08 00:00:00 UTC,377.7509011
2018-08-09 00:00:00 UTC,353.6461229
2018-08-10 00:00:00 UTC,363.6851799
2018-08-11 00:00:00 UTC,332.4924331
2018-08-12 00:00:00 UTC,317.3144774
2018-08-13 00:00:00 UTC,317.9561131
2018-08-14 00:00:00 UTC,284.9586647
2018-08-15 00:00:00 UTC,277.7460166
2018-08-16 00:00:00 UTC,281.1411931
2018-08-17 00:00:00 UTC,286.3202214
2018-08-18 00:00:00 UTC,314.7932527
2018-08-19 00:00:00 UTC,293.1769918
2018-08-20 00:00:00 UTC,299.4351226
2018-08-21 00:00:00 UTC,271.0615522
2018-08-22 00:00:00 UTC,280.3747171
2018-08-23 00:00:00 UTC,269.2483994
2018-08-24 00:00:00 UTC,275.8083851
2018-08-25 00:00:00 UTC,281.734642
2018-08-26 00:00:00 UTC,277.9667106
2018-08-27 00:00:00 UTC,273.5034142
2018-08-28 00:00:00 UTC,286.9611038
2018-08-29 00:00:00 UTC,296.2961276
2018-08-30 00:00:00 UTC,288.5053606
2018-08-31 00:00:00 UTC,285.1028726
2018-09-01 00:00:00 UTC,282.2231787
2018-09-02 00:00:00 UTC,295.6461618
2018-09-03 00:00:00 UTC,294.5856885
2018-09-04 00:00:00 UTC,288.8528256
2018-09-05 00:00:00 UTC,285.4857566
2018-09-06 00:00:00 UTC,232.5957687
2018-09-07 00:00:00 UTC,229.374958
2018-09-08 00:00:00 UTC,215.4322375
2018-09-09 00:00:00 UTC,196.8653869
2018-09-10 00:00:00 UTC,195.8773383
2018-09-11 00:00:00 UTC,196.3615327
2018-09-12 00:00:00 UTC,184.0822318
2018-09-13 00:00:00 UTC,182.9455763
2018-09-14 00:00:00 UTC,211.8267275
2018-09-15 00:00:00 UTC,211.3835617
2018-09-16 00:00:00 UTC,223.0530823
2018-09-17 00:00:00 UTC,220.1415794
2018-09-18 00:00:00 UTC,196.5766097
2018-09-19 00:00:00 UTC,210.1506965
2018-09-20 00:00:00 UTC,209.1425268
2018-09-21 00:00:00 UTC,224.3809777
2018-09-22 00:00:00 UTC,247.4100179
2018-09-23 00:00:00 UTC,241.8437318
2018-09-24 00:00:00 UTC,244.7847955
2018-09-25 00:00:00 UTC,228.3409115
2018-09-26 00:00:00 UTC,219.5043438
2018-09-27 00:00:00 UTC,214.9793803
2018-09-28 00:00:00 UTC,229.2219593
2018-09-29 00:00:00 UTC,222.2292398
2018-09-30 00:00:00 UTC,231.7358733
2018-10-01 00:00:00 UTC,232.7813852
2018-10-02 00:00:00 UTC,231.1436846
2018-10-03 00:00:00 UTC,225.7948538
2018-10-04 00:00:00 UTC,220.4744603
2018-10-05 00:00:00 UTC,222.1958478
2018-10-06 00:00:00 UTC,228.0360702
2018-10-07 00:00:00 UTC,225.0688073
2018-10-08 00:00:00 UTC,225.6583486
2018-10-09 00:00:00 UTC,229.524615
2018-10-10 00:00:00 UTC,227.9689078
2018-10-11 00:00:00 UTC,225.6620162
2018-10-12 00:00:00 UTC,192.0010841
2018-10-13 00:00:00 UTC,197.0680159
2018-10-14 00:00:00 UTC,201.0534997
2018-10-15 00:00:00 UTC,196.3186984
2018-10-16 00:00:00 UTC,212.2030694
2018-10-17 00:00:00 UTC,212.4442865
2018-10-18 00:00:00 UTC,211.082693
2018-10-19 00:00:00 UTC,204.3130489
2018-10-20 00:00:00 UTC,203.9762625
2018-10-21 00:00:00 UTC,206.8820987
2018-10-22 00:00:00 UTC,206.3098268
2018-10-23 00:00:00 UTC,205.0377549
2018-10-24 00:00:00 UTC,204.0839456
2018-10-25 00:00:00 UTC,203.5221988
2018-10-26 00:00:00 UTC,202.3530228
2018-10-27 00:00:00 UTC,203.3849686
2018-10-28 00:00:00 UTC,203.1873963
2018-10-29 00:00:00 UTC,204.7223407
2018-10-30 00:00:00 UTC,195.7514045
2018-10-31 00:00:00 UTC,197.4484496
2018-11-01 00:00:00 UTC,198.6390488
2018-11-02 00:00:00 UTC,199.122607
2018-11-03 00:00:00 UTC,202.2827572
2018-11-04 00:00:00 UTC,200.1362278
2018-11-05 00:00:00 UTC,206.8144296
2018-11-06 00:00:00 UTC,209.1088766
2018-11-07 00:00:00 UTC,219.1608871
2018-11-08 00:00:00 UTC,219.0157748
2018-11-09 00:00:00 UTC,213.4076344
2018-11-10 00:00:00 UTC,210.7906196
2018-11-11 00:00:00 UTC,212.9658279
2018-11-12 00:00:00 UTC,212.4733247
2018-11-13 00:00:00 UTC,211.6569092
2018-11-14 00:00:00 UTC,208.5822965
2018-11-15 00:00:00 UTC,184.0225594
2018-11-16 00:00:00 UTC,182.4482426
2018-11-17 00:00:00 UTC,176.0224057
2018-11-18 00:00:00 UTC,175.6674164
2018-11-19 00:00:00 UTC,177.7286896
2018-11-20 00:00:00 UTC,150.3911628
2018-11-21 00:00:00 UTC,131.4766797
2018-11-22 00:00:00 UTC,137.1730432
2018-11-23 00:00:00 UTC,126.0663876
2018-11-24 00:00:00 UTC,124.1502964
2018-11-25 00:00:00 UTC,114.2879313
2018-11-26 00:00:00 UTC,117.5252775
2018-11-27 00:00:00 UTC,109.4309885
2018-11-28 00:00:00 UTC,110.4349436
2018-11-29 00:00:00 UTC,122.446425
2018-11-30 00:00:00 UTC,117.7053859
2018-12-01 00:00:00 UTC,113.4028832
2018-12-02 00:00:00 UTC,118.100759
2018-12-03 00:00:00 UTC,115.9442827
2018-12-04 00:00:00 UTC,108.6768476
2018-12-05 00:00:00 UTC,109.851915
2018-12-06 00:00:00 UTC,102.5110418
2018-12-07 00:00:00 UTC,91.10115846
2018-12-08 00:00:00 UTC,92.96795017
2018-12-09 00:00:00 UTC,90.6782561
2018-12-10 00:00:00 UTC,93.53012682
2018-12-11 00:00:00 UTC,89.85371731
2018-12-12 00:00:00 UTC,87.8504107
2018-12-13 00:00:00 UTC,89.37790162
2018-12-14 00:00:00 UTC,85.95872706
2018-12-15 00:00:00 UTC,83.78596236
2018-12-16 00:00:00 UTC,83.83358213
2018-12-17 00:00:00 UTC,84.4658464
2018-12-18 00:00:00 UTC,94.07306838
2018-12-19 00:00:00 UTC,100.0500254
2018-12-20 00:00:00 UTC,99.49155366
2018-12-21 00:00:00 UTC,114.4291837
2018-12-22 00:00:00 UTC,107.8531811
2018-12-23 00:00:00 UTC,115.0458218
2018-12-24 00:00:00 UTC,129.2065034
2018-12-25 00:00:00 UTC,138.9578183
2018-12-26 00:00:00 UTC,127.6370725
2018-12-27 00:00:00 UTC,129.511374
2018-12-28 00:00:00 UTC,114.1013636
2018-12-29 00:00:00 UTC,134.0199395
2018-12-30 00:00:00 UTC,138.7542666
2018-12-31 00:00:00 UTC,137.631693
2019-01-01 00:00:00 UTC,131.4587247
2019-01-02 00:00:00 UTC,138.1448022
2019-01-03 00:00:00 UTC,152.8604527
2019-01-04 00:00:00 UTC,146.7305994
2019-01-05 00:00:00 UTC,153.0565669
2019-01-06 00:00:00 UTC,153.6518715
2019-01-07 00:00:00 UTC,154.6993084
2019-01-08 00:00:00 UTC,149.8986976
2019-01-09 00:00:00 UTC,148.1478655
2019-01-10 00:00:00 UTC,148.7388799
2019-01-11 00:00:00 UTC,126.6247525
2019-01-12 00:00:00 UTC,124.6267971
2019-01-13 00:00:00 UTC,123.7593626
2019-01-14 00:00:00 UTC,114.7660458
2019-01-15 00:00:00 UTC,127.4052733
2019-01-16 00:00:00 UTC,119.8143732
2019-01-17 00:00:00 UTC,122.2455385
2019-01-18 00:00:00 UTC,121.9272667
2019-01-19 00:00:00 UTC,119.1707392
2019-01-20 00:00:00 UTC,122.9281758
2019-01-21 00:00:00 UTC,117.6078729
2019-01-22 00:00:00 UTC,115.8268643
2019-01-23 00:00:00 UTC,117.8171888
2019-01-24 00:00:00 UTC,116.4160197
2019-01-25 00:00:00 UTC,116.2454357
2019-01-26 00:00:00 UTC,115.1499061
2019-01-27 00:00:00 UTC,115.3371669
2019-01-28 00:00:00 UTC,112.5134892
2019-01-29 00:00:00 UTC,105.3523919
2019-01-30 00:00:00 UTC,104.5978463
2019-01-31 00:00:00 UTC,108.2730947
2019-02-01 00:00:00 UTC,106.3359958
2019-02-02 00:00:00 UTC,107.0095583
2019-02-03 00:00:00 UTC,108.7781769
2019-02-04 00:00:00 UTC,107.199997
2019-02-05 00:00:00 UTC,107.6182454
2019-02-06 00:00:00 UTC,107.3170385
2019-02-07 00:00:00 UTC,104.6236262
2019-02-08 00:00:00 UTC,104.2653644
2019-02-09 00:00:00 UTC,119.3336046
2019-02-10 00:00:00 UTC,119.4895552
2019-02-11 00:00:00 UTC,124.8896348
2019-02-12 00:00:00 UTC,120.9702617
2019-02-13 00:00:00 UTC,122.5420889
2019-02-14 00:00:00 UTC,122.0941297
2019-02-15 00:00:00 UTC,120.592174
2019-02-16 00:00:00 UTC,121.5722785
2019-02-17 00:00:00 UTC,122.9386084
2019-02-18 00:00:00 UTC,133.8814696
2019-02-19 00:00:00 UTC,145.3260267
2019-02-20 00:00:00 UTC,143.6552342
2019-02-21 00:00:00 UTC,148.8684347
2019-02-22 00:00:00 UTC,145.2958232
2019-02-23 00:00:00 UTC,148.0416503
2019-02-24 00:00:00 UTC,157.6755956
2019-02-25 00:00:00 UTC,134.3160287
2019-02-26 00:00:00 UTC,137.8218665
2019-02-27 00:00:00 UTC,135.9978379
2019-02-28 00:00:00 UTC,134.8498171
2019-03-01 00:00:00 UTC,135.4906838
2019-03-02 00:00:00 UTC,134.9547088
2019-03-03 00:00:00 UTC,132.4074266
2019-03-04 00:00:00 UTC,130.5403477
2019-03-05 00:00:00 UTC,125.6240825
2019-03-06 00:00:00 UTC,136.5502477
2019-03-07 00:00:00 UTC,137.3266515
2019-03-08 00:00:00 UTC,136.7861423
2019-03-09 00:00:00 UTC,133.5416932
2019-03-10 00:00:00 UTC,137.1960003
2019-03-11 00:00:00 UTC,135.6208021
2019-03-12 00:00:00 UTC,132.387534
2019-03-13 00:00:00 UTC,133.2874256
2019-03-14 00:00:00 UTC,131.6683445
2019-03-15 00:00:00 UTC,132.1462379
2019-03-16 00:00:00 UTC,136.4478648
2019-03-17 00:00:00 UTC,141.0880442
2019-03-18 00:00:00 UTC,138.5506303
2019-03-19 00:00:00 UTC,137.6579489
2019-03-20 00:00:00 UTC,138.5225167
2019-03-21 00:00:00 UTC,139.0759732
2019-03-22 00:00:00 UTC,135.0560107
2019-03-23 00:00:00 UTC,136.099536
2019-03-24 00:00:00 UTC,137.1980687
2019-03-25 00:00:00 UTC,136.057483
2019-03-26 00:00:00 UTC,133.81752
2019-03-27 00:00:00 UTC,134.0299044
2019-03-28 00:00:00 UTC,139.6366066
2019-03-29 00:00:00 UTC,137.8119885
2019-03-30 00:00:00 UTC,143.1464431
2019-03-31 00:00:00 UTC,142.2896526
2019-04-01 00:00:00 UTC,141.586389
2019-04-02 00:00:00 UTC,141.5145552
2019-04-03 00:00:00 UTC,164.0505429
2019-04-04 00:00:00 UTC,160.4328383
2019-04-05 00:00:00 UTC,157.4122258
2019-04-06 00:00:00 UTC,165.1385235
2019-04-07 00:00:00 UTC,165.3251519
2019-04-08 00:00:00 UTC,174.090523
2019-04-09 00:00:00 UTC,180.0119236
2019-04-10 00:00:00 UTC,175.2941224
2019-04-11 00:00:00 UTC,177.3253178
2019-04-12 00:00:00 UTC,165.0371068
2019-04-13 00:00:00 UTC,164.5719484
2019-04-14 00:00:00 UTC,163.9716003
2019-04-15 00:00:00 UTC,167.6180012
2019-04-16 00:00:00 UTC,160.5324908
2019-04-17 00:00:00 UTC,166.4845379
2019-04-18 00:00:00 UTC,166.3272646
2019-04-19 00:00:00 UTC,173.4136278
2019-04-20 00:00:00 UTC,173.2282622
2019-04-21 00:00:00 UTC,173.1662877
2019-04-22 00:00:00 UTC,169.9878893
2019-04-23 00:00:00 UTC,171.0434708
2019-04-24 00:00:00 UTC,170.9129642
2019-04-25 00:00:00 UTC,165.6696601
2019-04-26 00:00:00 UTC,153.9304406
2019-04-27 00:00:00 UTC,157.3757012
2019-04-28 00:00:00 UTC,158.2891943
2019-04-29 00:00:00 UTC,156.5951891
2019-04-30 00:00:00 UTC,154.0802824
2019-05-01 00:00:00 UTC,160.7446918
2019-05-02 00:00:00 UTC,159.4893144
2019-05-03 00:00:00 UTC,160.957188
2019-05-04 00:00:00 UTC,166.6321153
2019-05-05 00:00:00 UTC,162.8363169
2019-05-06 00:00:00 UTC,162.370135
2019-05-07 00:00:00 UTC,172.8283285
2019-05-08 00:00:00 UTC,170.0958975
2019-05-09 00:00:00 UTC,170.1106331
2019-05-10 00:00:00 UTC,170.5754942
2019-05-11 00:00:00 UTC,172.6820909
2019-05-12 00:00:00 UTC,196.6901677
2019-05-13 00:00:00 UTC,187.2720184
2019-05-14 00:00:00 UTC,196.076113
2019-05-15 00:00:00 UTC,218.2846097
2019-05-16 00:00:00 UTC,248.7450043
2019-05-17 00:00:00 UTC,264.9001214
2019-05-18 00:00:00 UTC,243.5704992
2019-05-19 00:00:00 UTC,235.3272013
2019-05-20 00:00:00 UTC,260.596984
2019-05-21 00:00:00 UTC,251.9614995
2019-05-22 00:00:00 UTC,256.0830402
2019-05-23 00:00:00 UTC,244.549463
2019-05-24 00:00:00 UTC,244.6460958
2019-05-25 00:00:00 UTC,248.5452629
2019-05-26 00:00:00 UTC,250.8203647
2019-05-27 00:00:00 UTC,266.1221821
2019-05-28 00:00:00 UTC,273.4050882
2019-05-29 00:00:00 UTC,271.2278672
2019-05-30 00:00:00 UTC,268.7857565
2019-05-31 00:00:00 UTC,255.3773631
2019-06-01 00:00:00 UTC,268.1260392
2019-06-02 00:00:00 UTC,264.7273243
2019-06-03 00:00:00 UTC,269.9388295
2019-06-04 00:00:00 UTC,251.7525753
2019-06-05 00:00:00 UTC,240.2394337
2019-06-06 00:00:00 UTC,246.8265691
2019-06-07 00:00:00 UTC,249.9679118
2019-06-08 00:00:00 UTC,250.6368932
2019-06-09 00:00:00 UTC,244.6298057
2019-06-10 00:00:00 UTC,232.0415842
2019-06-11 00:00:00 UTC,247.2522762
2019-06-12 00:00:00 UTC,245.0893785
2019-06-13 00:00:00 UTC,260.5666341
2019-06-14 00:00:00 UTC,255.1204266
2019-06-15 00:00:00 UTC,263.9285384
2019-06-16 00:00:00 UTC,268.1121929
2019-06-17 00:00:00 UTC,269.0716935
2019-06-18 00:00:00 UTC,273.1236885
2019-06-19 00:00:00 UTC,264.7879311
2019-06-20 00:00:00 UTC,269.1527998
2019-06-21 00:00:00 UTC,272.334691
2019-06-22 00:00:00 UTC,294.475623
2019-06-23 00:00:00 UTC,310.6549987
2019-06-24 00:00:00 UTC,307.9472103
2019-06-25 00:00:00 UTC,311.068229
2019-06-26 00:00:00 UTC,318.6359447
2019-06-27 00:00:00 UTC,337.3409578
2019-06-28 00:00:00 UTC,295.8416529
2019-06-29 00:00:00 UTC,309.9490315
2019-06-30 00:00:00 UTC,321.432799
2019-07-01 00:00:00 UTC,292.838876
2019-07-02 00:00:00 UTC,295.2558981
2019-07-03 00:00:00 UTC,290.9596721
2019-07-04 00:00:00 UTC,304.1705424
2019-07-05 00:00:00 UTC,285.2194709
2019-07-06 00:00:00 UTC,287.9859106
2019-07-07 00:00:00 UTC,289.5771383
2019-07-08 00:00:00 UTC,305.3362529
2019-07-09 00:00:00 UTC,312.4663688
2019-07-10 00:00:00 UTC,307.7796838
2019-07-11 00:00:00 UTC,290.0099672
2019-07-12 00:00:00 UTC,268.635213
2019-07-13 00:00:00 UTC,275.8092084
2019-07-14 00:00:00 UTC,270.3147612
2019-07-15 00:00:00 UTC,227.1220727
2019-07-16 00:00:00 UTC,230.1801941
2019-07-17 00:00:00 UTC,199.9405219
2019-07-18 00:00:00 UTC,210.8385371
2019-07-19 00:00:00 UTC,226.3035343
2019-07-20 00:00:00 UTC,221.113741
2019-07-21 00:00:00 UTC,228.9648041
2019-07-22 00:00:00 UTC,226.1534077
2019-07-23 00:00:00 UTC,217.6525617
2019-07-24 00:00:00 UTC,213.5021516
2019-07-25 00:00:00 UTC,217.1977777
2019-07-26 00:00:00 UTC,219.487791
2019-07-27 00:00:00 UTC,219.5824326
2019-07-28 00:00:00 UTC,206.5317729
2019-07-29 00:00:00 UTC,211.2297537
2019-07-30 00:00:00 UTC,210.8235165
2019-07-31 00:00:00 UTC,209.6462607
2019-08-01 00:00:00 UTC,218.6130855
2019-08-02 00:00:00 UTC,216.6304207
2019-08-03 00:00:00 UTC,217.7954621
2019-08-04 00:00:00 UTC,221.4161188
2019-08-05 00:00:00 UTC,221.9881529
2019-08-06 00:00:00 UTC,232.8236835
2019-08-07 00:00:00 UTC,227.0207111
2019-08-08 00:00:00 UTC,226.4011932
2019-08-09 00:00:00 UTC,221.9958862
2019-08-10 00:00:00 UTC,210.153619
2019-08-11 00:00:00 UTC,206.5046255
2019-08-12 00:00:00 UTC,216.4855806
2019-08-13 00:00:00 UTC,211.1131413
2019-08-14 00:00:00 UTC,209.2657371
2019-08-15 00:00:00 UTC,185.6553006
2019-08-16 00:00:00 UTC,188.1527812
2019-08-17 00:00:00 UTC,185.1532436
2019-08-18 00:00:00 UTC,185.7600411
2019-08-19 00:00:00 UTC,194.3573676
2019-08-20 00:00:00 UTC,202.9597508
2019-08-21 00:00:00 UTC,196.2727473
2019-08-22 00:00:00 UTC,187.0161891
2019-08-23 00:00:00 UTC,191.521196
2019-08-24 00:00:00 UTC,194.2093874
2019-08-25 00:00:00 UTC,190.5557509
2019-08-26 00:00:00 UTC,186.322369
2019-08-27 00:00:00 UTC,188.3772575
2019-08-28 00:00:00 UTC,186.9706849
2019-08-29 00:00:00 UTC,173.0270357
2019-08-30 00:00:00 UTC,168.799165
2019-08-31 00:00:00 UTC,168.6708884
2019-09-01 00:00:00 UTC,172.0729693
2019-09-02 00:00:00 UTC,170.7275451
2019-09-03 00:00:00 UTC,177.716479
2019-09-04 00:00:00 UTC,178.8264778
2019-09-05 00:00:00 UTC,174.7762755
2019-09-06 00:00:00 UTC,174.1938101
2019-09-07 00:00:00 UTC,169.4228669
2019-09-08 00:00:00 UTC,177.8525889
2019-09-09 00:00:00 UTC,181.4839321
2019-09-10 00:00:00 UTC,181.0146562
2019-09-11 00:00:00 UTC,180.1493915
2019-09-12 00:00:00 UTC,178.0829498
2019-09-13 00:00:00 UTC,181.0108361
2019-09-14 00:00:00 UTC,181.211945
2019-09-15 00:00:00 UTC,188.3056816
2019-09-16 00:00:00 UTC,189.2550463
2019-09-17 00:00:00 UTC,197.6069164
2019-09-18 00:00:00 UTC,209.211163
2019-09-19 00:00:00 UTC,210.2490737
2019-09-20 00:00:00 UTC,221.742926
2019-09-21 00:00:00 UTC,217.9534438
2019-09-22 00:00:00 UTC,215.3452396
2019-09-23 00:00:00 UTC,211.6175384
2019-09-24 00:00:00 UTC,201.0033775
2019-09-25 00:00:00 UTC,168.6735796
2019-09-26 00:00:00 UTC,170.2888677
2019-09-27 00:00:00 UTC,166.2168032
2019-09-28 00:00:00 UTC,173.904949
2019-09-29 00:00:00 UTC,174.0797054
2019-09-30 00:00:00 UTC,169.6894748
2019-10-01 00:00:00 UTC,179.757162
2019-10-02 00:00:00 UTC,180.6324408
2019-10-03 00:00:00 UTC,180.5789306
2019-10-04 00:00:00 UTC,176.8585256
2019-10-05 00:00:00 UTC,175.8631537
2019-10-06 00:00:00 UTC,176.2772566
2019-10-07 00:00:00 UTC,170.4471063
2019-10-08 00:00:00 UTC,180.1442476
2019-10-09 00:00:00 UTC,180.7897933
2019-10-10 00:00:00 UTC,193.3399378
2019-10-11 00:00:00 UTC,191.0410866
2019-10-12 00:00:00 UTC,180.5524491
2019-10-13 00:00:00 UTC,179.9465357
2019-10-14 00:00:00 UTC,181.2872473
2019-10-15 00:00:00 UTC,186.6160675
2019-10-16 00:00:00 UTC,180.7456308
2019-10-17 00:00:00 UTC,175.0540694
2019-10-18 00:00:00 UTC,177.4769186
2019-10-19 00:00:00 UTC,172.8862606
2019-10-20 00:00:00 UTC,171.8524104
2019-10-21 00:00:00 UTC,175.2121086
2019-10-22 00:00:00 UTC,174.3544961
2019-10-23 00:00:00 UTC,171.4265472
2019-10-24 00:00:00 UTC,161.5840436
2019-10-25 00:00:00 UTC,160.6783914
2019-10-26 00:00:00 UTC,181.4531916
2019-10-27 00:00:00 UTC,179.5352701
2019-10-28 00:00:00 UTC,183.5808998
2019-10-29 00:00:00 UTC,181.8617999
2019-10-30 00:00:00 UTC,190.5059609
2019-10-31 00:00:00 UTC,183.1337515
2019-11-01 00:00:00 UTC,182.7557012
2019-11-02 00:00:00 UTC,183.0641915
2019-11-03 00:00:00 UTC,183.2156817
2019-11-04 00:00:00 UTC,181.82444
2019-11-05 00:00:00 UTC,185.7643309
2019-11-06 00:00:00 UTC,189.1657552
2019-11-07 00:00:00 UTC,191.3004005
2019-11-08 00:00:00 UTC,186.816532
2019-11-09 00:00:00 UTC,183.6736228
2019-11-10 00:00:00 UTC,184.9581454
2019-11-11 00:00:00 UTC,189.0449822
2019-11-12 00:00:00 UTC,184.8398737
2019-11-13 00:00:00 UTC,186.8659398
2019-11-14 00:00:00 UTC,187.8428885
2019-11-15 00:00:00 UTC,184.7883069
2019-11-16 00:00:00 UTC,180.1687114
2019-11-17 00:00:00 UTC,182.6306542
2019-11-18 00:00:00 UTC,183.9879639
2019-11-19 00:00:00 UTC,178.3855994
2019-11-20 00:00:00 UTC,175.8204846
2019-11-21 00:00:00 UTC,174.8044573
2019-11-22 00:00:00 UTC,161.1514773
2019-11-23 00:00:00 UTC,149.9256921
2019-11-24 00:00:00 UTC,151.9660849
2019-11-25 00:00:00 UTC,140.2468108
2019-11-26 00:00:00 UTC,146.3461869
2019-11-27 00:00:00 UTC,147.5750685
2019-11-28 00:00:00 UTC,152.6150683
2019-11-29 00:00:00 UTC,150.9103457
2019-11-30 00:00:00 UTC,154.2553059
2019-12-01 00:00:00 UTC,151.735854
2019-12-02 00:00:00 UTC,151.0231569
2019-12-03 00:00:00 UTC,148.867268
2019-12-04 00:00:00 UTC,147.1279518
2019-12-05 00:00:00 UTC,145.4017095
2019-12-06 00:00:00 UTC,147.7974921
2019-12-07 00:00:00 UTC,148.6056982
2019-12-08 00:00:00 UTC,147.1457865
2019-12-09 00:00:00 UTC,150.2924488
2019-12-10 00:00:00 UTC,147.4292613
2019-12-11 00:00:00 UTC,145.5686792
2019-12-12 00:00:00 UTC,143.1229787
2019-12-13 00:00:00 UTC,145.0259255
2019-12-14 00:00:00 UTC,144.6187808
2019-12-15 00:00:00 UTC,141.8448652
2019-12-16 00:00:00 UTC,142.2108692
2019-12-17 00:00:00 UTC,132.7227432
2019-12-18 00:00:00 UTC,121.7701073
2019-12-19 00:00:00 UTC,132.7413611
2019-12-20 00:00:00 UTC,128.0791539
2019-12-21 00:00:00 UTC,128.2701942
2019-12-22 00:00:00 UTC,126.9328733
2019-12-23 00:00:00 UTC,132.1774697
2019-12-24 00:00:00 UTC,128.1699717
2019-12-25 00:00:00 UTC,127.7255989
2019-12-26 00:00:00 UTC,125.0187059
2019-12-27 00:00:00 UTC,125.6145843
2019-12-28 00:00:00 UTC,126.3271802
2019-12-29 00:00:00 UTC,128.0669874
2019-12-30 00:00:00 UTC,134.3236472
2019-12-31 00:00:00 UTC,131.4621364
2020-01-01 00:00:00 UTC,129.1863853
2020-01-02 00:00:00 UTC,130.484685
2020-01-03 00:00:00 UTC,127.045258
2020-01-04 00:00:00 UTC,133.7026486
2020-01-05 00:00:00 UTC,134.1368827
2020-01-06 00:00:00 UTC,135.0057136
2020-01-07 00:00:00 UTC,143.806398
2020-01-08 00:00:00 UTC,143.0194323
2020-01-09 00:00:00 UTC,140.2739353
2020-01-10 00:00:00 UTC,137.8605593
2020-01-11 00:00:00 UTC,144.6047743
2020-01-12 00:00:00 UTC,142.1823333
2020-01-13 00:00:00 UTC,145.4228763
2020-01-14 00:00:00 UTC,143.5879691
2020-01-15 00:00:00 UTC,165.9914385
2020-01-16 00:00:00 UTC,166.2530969
2020-01-17 00:00:00 UTC,163.8059011
2020-01-18 00:00:00 UTC,171.1562179
2020-01-19 00:00:00 UTC,174.2383732
2020-01-20 00:00:00 UTC,166.627106
2020-01-21 00:00:00 UTC,166.9385281
2020-01-22 00:00:00 UTC,169.2799359
2020-01-23 00:00:00 UTC,167.8265296
2020-01-24 00:00:00 UTC,162.5193711
2020-01-25 00:00:00 UTC,162.4094798
2020-01-26 00:00:00 UTC,160.6736109
2020-01-27 00:00:00 UTC,167.6474096
2020-01-28 00:00:00 UTC,169.7364357
2020-01-29 00:00:00 UTC,175.1900031
2020-01-30 00:00:00 UTC,173.7068882
2020-01-31 00:00:00 UTC,184.7262184
2020-02-01 00:00:00 UTC,179.2291039
2020-02-02 00:00:00 UTC,183.3369376
2020-02-03 00:00:00 UTC,188.5506418
2020-02-04 00:00:00 UTC,189.8617635
2020-02-05 00:00:00 UTC,188.8422074
2020-02-06 00:00:00 UTC,203.8593184
2020-02-07 00:00:00 UTC,212.7334142
2020-02-08 00:00:00 UTC,223.2763197
2020-02-09 00:00:00 UTC,223.300777
2020-02-10 00:00:00 UTC,228.2922608
2020-02-11 00:00:00 UTC,224.1469965
2020-02-12 00:00:00 UTC,236.7853485
2020-02-13 00:00:00 UTC,264.0327682
2020-02-14 00:00:00 UTC,267.6704445
2020-02-15 00:00:00 UTC,284.2318915
2020-02-16 00:00:00 UTC,263.8999464
2020-02-17 00:00:00 UTC,262.1562443
2020-02-18 00:00:00 UTC,267.9356656
2020-02-19 00:00:00 UTC,281.9457403
2020-02-20 00:00:00 UTC,259.1838037
2020-02-21 00:00:00 UTC,257.9883953
2020-02-22 00:00:00 UTC,265.1644591
2020-02-23 00:00:00 UTC,260.9965401
2020-02-24 00:00:00 UTC,274.6312158
2020-02-25 00:00:00 UTC,265.2421912
2020-02-26 00:00:00 UTC,248.3173814
2020-02-27 00:00:00 UTC,224.8105083
2020-02-28 00:00:00 UTC,225.4297151
2020-02-29 00:00:00 UTC,227.7052845
2020-03-01 00:00:00 UTC,218.3483569
2020-03-02 00:00:00 UTC,218.939797
2020-03-03 00:00:00 UTC,231.679446
2020-03-04 00:00:00 UTC,223.960116
2020-03-05 00:00:00 UTC,224.1348774
2020-03-06 00:00:00 UTC,228.0809351
2020-03-07 00:00:00 UTC,244.2384695
2020-03-08 00:00:00 UTC,237.3807902
2020-03-09 00:00:00 UTC,198.8196423
2020-03-10 00:00:00 UTC,200.8468715
2020-03-11 00:00:00 UTC,200.7490385
2020-03-12 00:00:00 UTC,194.2179412
2020-03-13 00:00:00 UTC,110.5978978
2020-03-14 00:00:00 UTC,132.5728577
2020-03-15 00:00:00 UTC,123.0308441
2020-03-16 00:00:00 UTC,124.6034255
2020-03-17 00:00:00 UTC,110.9915985
2020-03-18 00:00:00 UTC,117.2170414
2020-03-19 00:00:00 UTC,117.7004246
2020-03-20 00:00:00 UTC,136.8118758
2020-03-21 00:00:00 UTC,131.964694
2020-03-22 00:00:00 UTC,131.9432185
2020-03-23 00:00:00 UTC,122.5205988
2020-03-24 00:00:00 UTC,135.588658
2020-03-25 00:00:00 UTC,138.7765713
2020-03-26 00:00:00 UTC,136.2339214
2020-03-27 00:00:00 UTC,138.7669376
2020-03-28 00:00:00 UTC,130.2865619
2020-03-29 00:00:00 UTC,131.4240521
2020-03-30 00:00:00 UTC,125.3188745
2020-03-31 00:00:00 UTC,132.363739
2020-04-01 00:00:00 UTC,133.2364468
2020-04-02 00:00:00 UTC,136.2163856
2020-04-03 00:00:00 UTC,141.4537054
2020-04-04 00:00:00 UTC,141.2615433
2020-04-05 00:00:00 UTC,144.2008027
2020-04-06 00:00:00 UTC,142.8508835
2020-04-07 00:00:00 UTC,169.8550498
2020-04-08 00:00:00 UTC,164.5160197
2020-04-09 00:00:00 UTC,172.8035683
2020-04-10 00:00:00 UTC,170.0951035
2020-04-11 00:00:00 UTC,157.740158
2020-04-12 00:00:00 UTC,158.3278779
2020-04-13 00:00:00 UTC,158.8638257
2020-04-14 00:00:00 UTC,156.7013588
2020-04-15 00:00:00 UTC,158.2671512
2020-04-16 00:00:00 UTC,153.2228637
2020-04-17 00:00:00 UTC,171.7759908
2020-04-18 00:00:00 UTC,170.4458905
2020-04-19 00:00:00 UTC,187.1435441
2020-04-20 00:00:00 UTC,180.0585965
2020-04-21 00:00:00 UTC,170.7040587
2020-04-22 00:00:00 UTC,170.4515429
2020-04-23 00:00:00 UTC,182.2767577
2020-04-24 00:00:00 UTC,184.5937025
2020-04-25 00:00:00 UTC,187.3433686
2020-04-26 00:00:00 UTC,194.1142368
2020-04-27 00:00:00 UTC,197.2299044
2020-04-28 00:00:00 UTC,196.4626254
2020-04-29 00:00:00 UTC,197.1547316
2020-04-30 00:00:00 UTC,215.5481727
2020-05-01 00:00:00 UTC,205.5560054
2020-05-02 00:00:00 UTC,211.9682953
2020-05-03 00:00:00 UTC,213.9430112
2020-05-04 00:00:00 UTC,210.0247095
2020-05-05 00:00:00 UTC,206.8325342
2020-05-06 00:00:00 UTC,205.2251797
2020-05-07 00:00:00 UTC,200.2547945
2020-05-08 00:00:00 UTC,212.2924762
2020-05-09 00:00:00 UTC,211.6890484
2020-05-10 00:00:00 UTC,210.4318181
2020-05-11 00:00:00 UTC,188.1372262
2020-05-12 00:00:00 UTC,185.6747181
2020-05-13 00:00:00 UTC,189.3057818
2020-05-14 00:00:00 UTC,199.3693725
2020-05-15 00:00:00 UTC,203.211247
2020-05-16 00:00:00 UTC,194.2730978
2020-05-17 00:00:00 UTC,200.5833909
2020-05-18 00:00:00 UTC,206.768894
2020-05-19 00:00:00 UTC,214.3576416
2020-05-20 00:00:00 UTC,213.6867202
2020-05-21 00:00:00 UTC,209.9207883
2020-05-22 00:00:00 UTC,198.9175158
2020-05-23 00:00:00 UTC,206.2277296
2020-05-24 00:00:00 UTC,206.411207
2020-05-25 00:00:00 UTC,200.6907286
2020-05-26 00:00:00 UTC,203.8101183
2020-05-27 00:00:00 UTC,200.9636154
2020-05-28 00:00:00 UTC,207.8458939
2020-05-29 00:00:00 UTC,219.5915641
2020-05-30 00:00:00 UTC,220.4911673
2020-05-31 00:00:00 UTC,242.7097703
2020-06-01 00:00:00 UTC,232.331003
2020-06-02 00:00:00 UTC,248.0445666
2020-06-03 00:00:00 UTC,237.2653201
2020-06-04 00:00:00 UTC,244.1253366
2020-06-05 00:00:00 UTC,243.7078213
2020-06-06 00:00:00 UTC,240.246969
2020-06-07 00:00:00 UTC,242.0216404
2020-06-08 00:00:00 UTC,244.2267444
2020-06-09 00:00:00 UTC,246.2127833
2020-06-10 00:00:00 UTC,243.8495267
2020-06-11 00:00:00 UTC,247.5419715
2020-06-12 00:00:00 UTC,232.0007854
2020-06-13 00:00:00 UTC,237.5934109
2020-06-14 00:00:00 UTC,238.2936291
2020-06-15 00:00:00 UTC,232.1125205
2020-06-16 00:00:00 UTC,231.0170116
2020-06-17 00:00:00 UTC,235.2884795
2020-06-18 00:00:00 UTC,233.8636185
2020-06-19 00:00:00 UTC,231.6848573
2020-06-20 00:00:00 UTC,228.9592128
2020-06-21 00:00:00 UTC,228.8691488
2020-06-22 00:00:00 UTC,227.7919059
2020-06-23 00:00:00 UTC,243.36471
2020-06-24 00:00:00 UTC,243.0794822
2020-06-25 00:00:00 UTC,234.5649846
2020-06-26 00:00:00 UTC,232.6487035
2020-06-27 00:00:00 UTC,229.636526
2020-06-28 00:00:00 UTC,221.0260853
2020-06-29 00:00:00 UTC,225.1229462
2020-06-30 00:00:00 UTC,228.2057638
2020-07-01 00:00:00 UTC,225.592815
2020-07-02 00:00:00 UTC,230.6619436
2020-07-03 00:00:00 UTC,226.5744243
2020-07-04 00:00:00 UTC,225.1764055
2020-07-05 00:00:00 UTC,229.0947165
2020-07-06 00:00:00 UTC,227.899375
2020-07-07 00:00:00 UTC,241.5268519
2020-07-08 00:00:00 UTC,238.9644805
2020-07-09 00:00:00 UTC,246.8590079
2020-07-10 00:00:00 UTC,241.9751286
2020-07-11 00:00:00 UTC,240.9549538
2020-07-12 00:00:00 UTC,239.1020255
2020-07-13 00:00:00 UTC,241.7715226
2020-07-14 00:00:00 UTC,239.6387868
2020-07-15 00:00:00 UTC,240.2514707
2020-07-16 00:00:00 UTC,238.6635972
2020-07-17 00:00:00 UTC,233.8370746
2020-07-18 00:00:00 UTC,232.7814774
2020-07-19 00:00:00 UTC,235.6811448
2020-07-20 00:00:00 UTC,238.8952317
2020-07-21 00:00:00 UTC,236.0600984
2020-07-22 00:00:00 UTC,245.233735
2020-07-23 00:00:00 UTC,263.762464
2020-07-24 00:00:00 UTC,274.7236203
2020-07-25 00:00:00 UTC,279.4270562
2020-07-26 00:00:00 UTC,305.0381394
2020-07-27 00:00:00 UTC,310.517991
2020-07-28 00:00:00 UTC,320.4761913
2020-07-29 00:00:00 UTC,316.4067661
2020-07-30 00:00:00 UTC,317.5390729
2020-07-31 00:00:00 UTC,334.741922
2020-08-01 00:00:00 UTC,346.0035061
2020-08-02 00:00:00 UTC,387.9424212
2020-08-03 00:00:00 UTC,370.7323024
2020-08-04 00:00:00 UTC,386.2474477
2020-08-05 00:00:00 UTC,389.3830083
2020-08-06 00:00:00 UTC,400.1843625
2020-08-07 00:00:00 UTC,394.5417455
2020-08-08 00:00:00 UTC,379.1351558
2020-08-09 00:00:00 UTC,391.4784386
2020-08-10 00:00:00 UTC,389.6229311
2020-08-11 00:00:00 UTC,395.2099137
2020-08-12 00:00:00 UTC,379.174764
2020-08-13 00:00:00 UTC,387.5005308
2020-08-14 00:00:00 UTC,427.4902654
2020-08-15 00:00:00 UTC,438.7625875
2020-08-16 00:00:00 UTC,432.6546652
2020-08-17 00:00:00 UTC,433.4318609
2020-08-18 00:00:00 UTC,430.0325051
2020-08-19 00:00:00 UTC,422.1066529
2020-08-20 00:00:00 UTC,406.5744692
2020-08-21 00:00:00 UTC,416.4697758
2020-08-22 00:00:00 UTC,386.8238914
2020-08-23 00:00:00 UTC,395.8850183
2020-08-24 00:00:00 UTC,390.789135
2020-08-25 00:00:00 UTC,408.2691456
2020-08-26 00:00:00 UTC,383.6621431
2020-08-27 00:00:00 UTC,385.7524999
2020-08-28 00:00:00 UTC,381.8376513
2020-08-29 00:00:00 UTC,395.1382132
2020-08-30 00:00:00 UTC,399.3745438
2020-08-31 00:00:00 UTC,428.2956792
2020-09-01 00:00:00 UTC,435.6930233
2020-09-02 00:00:00 UTC,475.6846643
2020-09-03 00:00:00 UTC,439.3537602
2020-09-04 00:00:00 UTC,383.6915312
2020-09-05 00:00:00 UTC,387.9040291
2020-09-06 00:00:00 UTC,334.468593
2020-09-07 00:00:00 UTC,352.9930021
2020-09-08 00:00:00 UTC,351.8778603
2020-09-09 00:00:00 UTC,337.8450519
2020-09-10 00:00:00 UTC,351.2322671
2020-09-11 00:00:00 UTC,367.6389288
2020-09-12 00:00:00 UTC,373.914906
2020-09-13 00:00:00 UTC,387.7235163
2020-09-14 00:00:00 UTC,365.6955063
2020-09-15 00:00:00 UTC,376.3945611
2020-09-16 00:00:00 UTC,364.6900451
2020-09-17 00:00:00 UTC,365.1305508
2020-09-18 00:00:00 UTC,388.7974562
2020-09-19 00:00:00 UTC,383.172866
2020-09-20 00:00:00 UTC,385.4721235
2020-09-21 00:00:00 UTC,370.9678952
2020-09-22 00:00:00 UTC,341.2771309
2020-09-23 00:00:00 UTC,343.9175471
2020-09-24 00:00:00 UTC,321.0774352
2020-09-25 00:00:00 UTC,348.82102
2020-09-26 00:00:00 UTC,351.331567
2020-09-27 00:00:00 UTC,354.2615819
2020-09-28 00:00:00 UTC,357.0664364
2020-09-29 00:00:00 UTC,354.4295835
2020-09-30 00:00:00 UTC,359.4260895
2020-10-01 00:00:00 UTC,359.5989848
2020-10-02 00:00:00 UTC,353.1978481
2020-10-03 00:00:00 UTC,345.9125682
2020-10-04 00:00:00 UTC,345.9924632
2020-10-05 00:00:00 UTC,352.4588065
2020-10-06 00:00:00 UTC,353.6044273
2020-10-07 00:00:00 UTC,340.6160218
2020-10-08 00:00:00 UTC,341.4437965
2020-10-09 00:00:00 UTC,350.0556766
2020-10-10 00:00:00 UTC,365.3394448
2020-10-11 00:00:00 UTC,370.471811
2020-10-12 00:00:00 UTC,374.4970151
2020-10-13 00:00:00 UTC,387.2555584
2020-10-14 00:00:00 UTC,381.1687739
2020-10-15 00:00:00 UTC,379.2102538
2020-10-16 00:00:00 UTC,377.1586811
2020-10-17 00:00:00 UTC,365.9906424
2020-10-18 00:00:00 UTC,368.6504704
2020-10-19 00:00:00 UTC,378.0493653
2020-10-20 00:00:00 UTC,379.6394773
2020-10-21 00:00:00 UTC,368.2270142
2020-10-22 00:00:00 UTC,391.1667422
2020-10-23 00:00:00 UTC,413.2018903
2020-10-24 00:00:00 UTC,408.8894886
2020-10-25 00:00:00 UTC,411.9592178
2020-10-26 00:00:00 UTC,406.1570941
2020-10-27 00:00:00 UTC,393.3829084
2020-10-28 00:00:00 UTC,403.5298378
2020-10-29 00:00:00 UTC,388.8773399
2020-10-30 00:00:00 UTC,386.446013
2020-10-31 00:00:00 UTC,382.900771
2020-11-01 00:00:00 UTC,385.8445888
2020-11-02 00:00:00 UTC,394.936342
2020-11-03 00:00:00 UTC,383.8498034
2020-11-04 00:00:00 UTC,387.6163737
2020-11-05 00:00:00 UTC,401.7330968
2020-11-06 00:00:00 UTC,415.9277704
2020-11-07 00:00:00 UTC,454.6515431
2020-11-08 00:00:00 UTC,435.4183541
2020-11-09 00:00:00 UTC,455.358367
2020-11-10 00:00:00 UTC,445.0512933
2020-11-11 00:00:00 UTC,449.8161845
2020-11-12 00:00:00 UTC,463.1808717
2020-11-13 00:00:00 UTC,462.2056196
2020-11-14 00:00:00 UTC,475.9690937
2020-11-15 00:00:00 UTC,462.7183971
2020-11-16 00:00:00 UTC,449.2068016
2020-11-17 00:00:00 UTC,461.3711967
2020-11-18 00:00:00 UTC,482.1983847
2020-11-19 00:00:00 UTC,479.4376614
2020-11-20 00:00:00 UTC,471.3179584
2020-11-21 00:00:00 UTC,508.7922146
2020-11-22 00:00:00 UTC,548.8421162
2020-11-23 00:00:00 UTC,560.5088875
2020-11-24 00:00:00 UTC,608.2733109
2020-11-25 00:00:00 UTC,602.6662624
2020-11-26 00:00:00 UTC,568.275153
2020-11-27 00:00:00 UTC,518.4670452
2020-11-28 00:00:00 UTC,517.5530264
2020-11-29 00:00:00 UTC,537.3926121
2020-11-30 00:00:00 UTC,574.7511197
2020-12-01 00:00:00 UTC,612.2637856
2020-12-02 00:00:00 UTC,589.5818444
2020-12-03 00:00:00 UTC,598.7606101
2020-12-04 00:00:00 UTC,616.5066616
2020-12-05 00:00:00 UTC,571.1904316
2020-12-06 00:00:00 UTC,595.919414
2020-12-07 00:00:00 UTC,601.9689349
2020-12-08 00:00:00 UTC,592.3865067
2020-12-09 00:00:00 UTC,554.3296743
2020-12-10 00:00:00 UTC,573.8953091
2020-12-11 00:00:00 UTC,560.4542654
2020-12-12 00:00:00 UTC,545.9828353
2020-12-13 00:00:00 UTC,568.3587534
2020-12-14 00:00:00 UTC,590.3244403
2020-12-15 00:00:00 UTC,585.5418949
2020-12-16 00:00:00 UTC,589.0668316
2020-12-17 00:00:00 UTC,635.9618894
2020-12-18 00:00:00 UTC,644.0652702
2020-12-19 00:00:00 UTC,654.4204163
2020-12-20 00:00:00 UTC,659.3188076
2020-12-21 00:00:00 UTC,639.5154369
2020-12-22 00:00:00 UTC,610.4270279
2020-12-23 00:00:00 UTC,634.9797234
2020-12-24 00:00:00 UTC,587.9588955
2020-12-25 00:00:00 UTC,612.8796571
2020-12-26 00:00:00 UTC,626.4567388
2020-12-27 00:00:00 UTC,636.7423172
2020-12-28 00:00:00 UTC,689.6598573
2020-12-29 00:00:00 UTC,732.9570293
2020-12-30 00:00:00 UTC,735.5908982
2020-12-31 00:00:00 UTC,752.8559324
2021-01-01 00:00:00 UTC,738.6169382
2021-01-02 00:00:00 UTC,730.1473402
2021-01-03 00:00:00 UTC,777.6960653
2021-01-04 00:00:00 UTC,967.0005967
2021-01-05 00:00:00 UTC,1025.654768
2021-01-06 00:00:00 UTC,1103.358252
2021-01-07 00:00:00 UTC,1208.575093
2021-01-08 00:00:00 UTC,1229.471315
2021-01-09 00:00:00 UTC,1223.729688
2021-01-10 00:00:00 UTC,1282.979576
2021-01-11 00:00:00 UTC,1267.731003
2021-01-12 00:00:00 UTC,1092.914338
2021-01-13 00:00:00 UTC,1045.406815
2021-01-14 00:00:00 UTC,1132.015591
2021-01-15 00:00:00 UTC,1216.914788
2021-01-16 00:00:00 UTC,1171.860018
2021-01-17 00:00:00 UTC,1234.63187
2021-01-18 00:00:00 UTC,1229.379698
2021-01-19 00:00:00 UTC,1255.976692
2021-01-20 00:00:00 UTC,1383.48409
2021-01-21 00:00:00 UTC,1385.852996
2021-01-22 00:00:00 UTC,1122.912433
2021-01-23 00:00:00 UTC,1236.683443
2021-01-24 00:00:00 UTC,1231.17638
2021-01-25 00:00:00 UTC,1392.539763
2021-01-26 00:00:00 UTC,1323.429503
2021-01-27 00:00:00 UTC,1355.233724
2021-01-28 00:00:00 UTC,1253.141672
2021-01-29 00:00:00 UTC,1328.773619
2021-01-30 00:00:00 UTC,1380.284259
2021-01-31 00:00:00 UTC,1372.427229
2021-02-01 00:00:00 UTC,1317.047436
2021-02-02 00:00:00 UTC,1368.664455
2021-02-03 00:00:00 UTC,1514.225196
2021-02-04 00:00:00 UTC,1661.000824
2021-02-05 00:00:00 UTC,1587.800899
2021-02-06 00:00:00 UTC,1724.856908
2021-02-07 00:00:00 UTC,1683.941298
2021-02-08 00:00:00 UTC,1608.640548
2021-02-09 00:00:00 UTC,1750.997554
2021-02-10 00:00:00 UTC,1769.053534
2021-02-11 00:00:00 UTC,1739.164209
2021-02-12 00:00:00 UTC,1782.508869
2021-02-13 00:00:00 UTC,1841.197751
2021-02-14 00:00:00 UTC,1810.842546
2021-02-15 00:00:00 UTC,1804.984146
2021-02-16 00:00:00 UTC,1775.758352
2021-02-17 00:00:00 UTC,1782.575309
2021-02-18 00:00:00 UTC,1845.573922
2021-02-19 00:00:00 UTC,1938.569437
2021-02-20 00:00:00 UTC,1969.979718
2021-02-21 00:00:00 UTC,1929.367693
2021-02-22 00:00:00 UTC,1941.426768
2021-02-23 00:00:00 UTC,1788.61521
2021-02-24 00:00:00 UTC,1563.924606
2021-02-25 00:00:00 UTC,1628.391534
2021-02-26 00:00:00 UTC,1468.860104
2021-02-27 00:00:00 UTC,1450.988747
2021-02-28 00:00:00 UTC,1480.129577
2021-03-01 00:00:00 UTC,1416.661553
2021-03-02 00:00:00 UTC,1570.39969
2021-03-03 00:00:00 UTC,1497.089104
2021-03-04 00:00:00 UTC,1579.427169
2021-03-05 00:00:00 UTC,1546.499621
2021-03-06 00:00:00 UTC,1539.048429
2021-03-07 00:00:00 UTC,1661.92797
2021-03-08 00:00:00 UTC,1727.463096
2021-03-09 00:00:00 UTC,1837.533031
2021-03-10 00:00:00 UTC,1869.331102
2021-03-11 00:00:00 UTC,1802.311092
2021-03-12 00:00:00 UTC,1826.057477
2021-03-13 00:00:00 UTC,1770.936179
2021-03-14 00:00:00 UTC,1927.72072
2021-03-15 00:00:00 UTC,1866.071545
2021-03-16 00:00:00 UTC,1791.047852
2021-03-17 00:00:00 UTC,1808.551217
2021-03-18 00:00:00 UTC,1828.754833
2021-03-19 00:00:00 UTC,1780.159646
2021-03-20 00:00:00 UTC,1817.132963
2021-03-21 00:00:00 UTC,1817.860143
2021-03-22 00:00:00 UTC,1790.378075
2021-03-23 00:00:00 UTC,1686.891197
2021-03-24 00:00:00 UTC,1673.859184
2021-03-25 00:00:00 UTC,1581.631056
2021-03-26 00:00:00 UTC,1587.297964
2021-03-27 00:00:00 UTC,1700.366869
2021-03-28 00:00:00 UTC,1713.837876
2021-03-29 00:00:00 UTC,1689.036798
2021-03-30 00:00:00 UTC,1817.626388
2021-03-31 00:00:00 UTC,1840.294952
2021-04-01 00:00:00 UTC,1915.832536
2021-04-02 00:00:00 UTC,1970.4712
2021-04-03 00:00:00 UTC,2134.101788
2021-04-04 00:00:00 UTC,2016.667247
2021-04-05 00:00:00 UTC,2077.755212
2021-04-06 00:00:00 UTC,2097.796383
2021-04-07 00:00:00 UTC,2115.055452
2021-04-08 00:00:00 UTC,1989.148062
2021-04-09 00:00:00 UTC,2081.354063
2021-04-10 00:00:00 UTC,2069.667796
2021-04-11 00:00:00 UTC,2142.796065
2021-04-12 00:00:00 UTC,2150.265143
2021-04-13 00:00:00 UTC,2142.476276
2021-04-14 00:00:00 UTC,2304.343516
2021-04-15 00:00:00 UTC,2429.661528
2021-04-16 00:00:00 UTC,2514.168416
2021-04-17 00:00:00 UTC,2424.553845
2021-04-18 00:00:00 UTC,2345.266963
2021-04-19 00:00:00 UTC,2245.760753
2021-04-20 00:00:00 UTC,2168.032727
2021-04-21 00:00:00 UTC,2324.284687
2021-04-22 00:00:00 UTC,2373.501344
2021-04-23 00:00:00 UTC,2426.07115
2021-04-24 00:00:00 UTC,2364.231204
2021-04-25 00:00:00 UTC,2212.843798
2021-04-26 00:00:00 UTC,2307.355321
2021-04-27 00:00:00 UTC,2532.386803
2021-04-28 00:00:00 UTC,2647.15819
2021-04-29 00:00:00 UTC,2748.784585
2021-04-30 00:00:00 UTC,2757.497552
2021-05-01 00:00:00 UTC,2776.703712
2021-05-02 00:00:00 UTC,2944.916947
2021-05-03 00:00:00 UTC,2953.297348
2021-05-04 00:00:00 UTC,3439.85507
2021-05-05 00:00:00 UTC,3245.663149
2021-05-06 00:00:00 UTC,3524.562728
2021-05-07 00:00:00 UTC,3495.075869
2021-05-08 00:00:00 UTC,3493.5345
2021-05-09 00:00:00 UTC,3912.742917
2021-05-10 00:00:00 UTC,3932.754068
2021-05-11 00:00:00 UTC,3979.608652
2021-05-12 00:00:00 UTC,4182.790286
2021-05-13 00:00:00 UTC,3906.108903
2021-05-14 00:00:00 UTC,3750.341595
2021-05-15 00:00:00 UTC,4088.731708
2021-05-16 00:00:00 UTC,3659.921844
2021-05-17 00:00:00 UTC,3602.004897
2021-05-18 00:00:00 UTC,3288.229887
2021-05-19 00:00:00 UTC,3399.04928
2021-05-20 00:00:00 UTC,2505.014946
2021-05-21 00:00:00 UTC,2778.279661
2021-05-22 00:00:00 UTC,2419.103217
2021-05-23 00:00:00 UTC,2306.371267
2021-05-24 00:00:00 UTC,2120.037375
2021-05-25 00:00:00 UTC,2640.159632
2021-05-26 00:00:00 UTC,2695.477807
2021-05-27 00:00:00 UTC,2882.483408
2021-05-28 00:00:00 UTC,2742.990863
2021-05-29 00:00:00 UTC,2433.328866
2021-05-30 00:00:00 UTC,2294.626286
2021-05-31 00:00:00 UTC,2395.853228
2021-06-01 00:00:00 UTC,2708.429866
2021-06-02 00:00:00 UTC,2632.6566
2021-06-03 00:00:00 UTC,2717.154037
2021-06-04 00:00:00 UTC,2858.276702
2021-06-05 00:00:00 UTC,2694.497667
2021-06-06 00:00:00 UTC,2624.768915
2021-06-07 00:00:00 UTC,2711.547939
2021-06-08 00:00:00 UTC,2580.53558
2021-06-09 00:00:00 UTC,2528.022301
2021-06-10 00:00:00 UTC,2620.625389
2021-06-11 00:00:00 UTC,2486.600069
2021-06-12 00:00:00 UTC,2356.634774
2021-06-13 00:00:00 UTC,2379.991748
2021-06-14 00:00:00 UTC,2517.771696
2021-06-15 00:00:00 UTC,2587.381611
2021-06-16 00:00:00 UTC,2561.188331
2021-06-17 00:00:00 UTC,2365.872786
2021-06-18 00:00:00 UTC,2380.74452
2021-06-19 00:00:00 UTC,2231.554315
2021-06-20 00:00:00 UTC,2176.308536
2021-06-21 00:00:00 UTC,2251.560559
2021-06-22 00:00:00 UTC,1900.1223
2021-06-23 00:00:00 UTC,1875.357694
2021-06-24 00:00:00 UTC,1971.105978
2021-06-25 00:00:00 UTC,1990.076151
2021-06-26 00:00:00 UTC,1833.463161
2021-06-27 00:00:00 UTC,1817.047666
2021-06-28 00:00:00 UTC,1973.926865
2021-06-29 00:00:00 UTC,2087.518724
2021-06-30 00:00:00 UTC,2169.400068
2021-07-01 00:00:00 UTC,2279.354161
2021-07-02 00:00:00 UTC,2121.657901
2021-07-03 00:00:00 UTC,2157.880585
2021-07-04 00:00:00 UTC,2228.532399
2021-07-05 00:00:00 UTC,2329.004751
2021-07-06 00:00:00 UTC,2217.301853
2021-07-07 00:00:00 UTC,2320.654929
2021-07-08 00:00:00 UTC,2317.236943
2021-07-09 00:00:00 UTC,2126.442467
2021-07-10 00:00:00 UTC,2156.580957
2021-07-11 00:00:00 UTC,2123.058597
2021-07-12 00:00:00 UTC,2144.014257
2021-07-13 00:00:00 UTC,2042.499187
2021-07-14 00:00:00 UTC,1944.395017
2021-07-15 00:00:00 UTC,1997.663314
2021-07-16 00:00:00 UTC,1910.726952
2021-07-17 00:00:00 UTC,1874.20025
2021-07-18 00:00:00 UTC,1899.84275
2021-07-19 00:00:00 UTC,1905.723383
2021-07-20 00:00:00 UTC,1824.929392
2021-07-21 00:00:00 UTC,1794.973425
2021-07-22 00:00:00 UTC,2003.723921
2021-07-23 00:00:00 UTC,2027.533448
2021-07-24 00:00:00 UTC,2117.154608
2021-07-25 00:00:00 UTC,2183.627415
2021-07-26 00:00:00 UTC,2209.49936
2021-07-27 00:00:00 UTC,2230.212068
2021-07-28 00:00:00 UTC,2292.579637
2021-07-29 00:00:00 UTC,2299.689406
2021-07-30 00:00:00 UTC,2383.44326
2021-07-31 00:00:00 UTC,2462.399983
2021-08-01 00:00:00 UTC,2541.674599
2021-08-02 00:00:00 UTC,2555.408179
2021-08-03 00:00:00 UTC,2611.67307
2021-08-04 00:00:00 UTC,2521.268475
2021-08-05 00:00:00 UTC,2724.532243
2021-08-06 00:00:00 UTC,2821.649693
2021-08-07 00:00:00 UTC,2888.732274
2021-08-08 00:00:00 UTC,3151.217517
2021-08-09 00:00:00 UTC,3012.308559
2021-08-10 00:00:00 UTC,3163.064655
2021-08-11 00:00:00 UTC,3147.842995
2021-08-12 00:00:00 UTC,3166.647218
2021-08-13 00:00:00 UTC,3048.412682
2021-08-14 00:00:00 UTC,3323.197991
2021-08-15 00:00:00 UTC,3268.548177
2021-08-16 00:00:00 UTC,3309.75491
2021-08-17 00:00:00 UTC,3153.583684
2021-08-18 00:00:00 UTC,3007.144027
2021-08-19 00:00:00 UTC,3037.230251
2021-08-20 00:00:00 UTC,3144.818437
2021-08-21 00:00:00 UTC,3276.969837
2021-08-22 00:00:00 UTC,3224.00046
2021-08-23 00:00:00 UTC,3243.486358
2021-08-24 00:00:00 UTC,3320.40917
2021-08-25 00:00:00 UTC,3177.663796
2021-08-26 00:00:00 UTC,3231.441452
2021-08-27 00:00:00 UTC,3122.971797
2021-08-28 00:00:00 UTC,3267.539435
2021-08-29 00:00:00 UTC,3245.430222
2021-08-30 00:00:00 UTC,3233.383152
2021-08-31 00:00:00 UTC,3232.733863
2021-09-01 00:00:00 UTC,3440.562336
2021-09-02 00:00:00 UTC,3790.613996
2021-09-03 00:00:00 UTC,3793.300743
2021-09-04 00:00:00 UTC,3936.163392
2021-09-05 00:00:00 UTC,3894.937512
2021-09-06 00:00:00 UTC,3950.270345
2021-09-07 00:00:00 UTC,3943.256785
2021-09-08 00:00:00 UTC,3440.341757
2021-09-09 00:00:00 UTC,3496.859023
2021-09-10 00:00:00 UTC,3435.979933
2021-09-11 00:00:00 UTC,3209.915696
2021-09-12 00:00:00 UTC,3268.104162
2021-09-13 00:00:00 UTC,3417.839367
2021-09-14 00:00:00 UTC,3301.186777
2021-09-15 00:00:00 UTC,3425.250873
2021-09-16 00:00:00 UTC,3595.962571
2021-09-17 00:00:00 UTC,3573.307516
2021-09-18 00:00:00 UTC,3412.177182
2021-09-19 00:00:00 UTC,3427.584262
2021-09-20 00:00:00 UTC,3335.884887
2021-09-21 00:00:00 UTC,2977.322679
2021-09-22 00:00:00 UTC,2744.111
2021-09-23 00:00:00 UTC,3074.119761
2021-09-24 00:00:00 UTC,3159.269866
2021-09-25 00:00:00 UTC,2930.742706
2021-09-26 00:00:00 UTC,2946.970846
2021-09-27 00:00:00 UTC,3063.316345
2021-09-28 00:00:00 UTC,2939.742283
2021-09-29 00:00:00 UTC,2798.984417
2021-09-30 00:00:00 UTC,2855.611731
2021-10-01 00:00:00 UTC,3013.493232
2021-10-02 00:00:00 UTC,3305.107041
2021-10-03 00:00:00 UTC,3393.924249
2021-10-04 00:00:00 UTC,3426.387081
2021-10-05 00:00:00 UTC,3390.310408
2021-10-06 00:00:00 UTC,3520.342257
2021-10-07 00:00:00 UTC,3592.17613
2021-10-08 00:00:00 UTC,3594.918358
2021-10-09 00:00:00 UTC,3558.549577
2021-10-10 00:00:00 UTC,3588.080922
2021-10-11 00:00:00 UTC,3431.019307
2021-10-12 00:00:00 UTC,3537.840087
2021-10-13 00:00:00 UTC,3498.105292
2021-10-14 00:00:00 UTC,3605.650334
2021-10-15 00:00:00 UTC,3794.516888
2021-10-16 00:00:00 UTC,3885.641765
2021-10-17 00:00:00 UTC,3854.498461
2021-10-18 00:00:00 UTC,3854.223687
2021-10-19 00:00:00 UTC,3752.618727
2021-10-20 00:00:00 UTC,3884.587295
2021-10-21 00:00:00 UTC,4170.107933
2021-10-22 00:00:00 UTC,4074.860158
2021-10-23 00:00:00 UTC,3990.711976
2021-10-24 00:00:00 UTC,4179.442298
2021-10-25 00:00:00 UTC,4094.938993
2021-10-26 00:00:00 UTC,4230.208372
2021-10-27 00:00:00 UTC,4152.570289
2021-10-28 00:00:00 UTC,3944.090862
2021-10-29 00:00:00 UTC,4288.097219
2021-10-30 00:00:00 UTC,4422.940536
2021-10-31 00:00:00 UTC,4324.609926
2021-11-01 00:00:00 UTC,4292.040472
2021-11-02 00:00:00 UTC,4330.553152
2021-11-03 00:00:00 UTC,4596.593091
2021-11-04 00:00:00 UTC,4607.699273
2021-11-05 00:00:00 UTC,4550.014435
2021-11-06 00:00:00 UTC,4494.802761
2021-11-07 00:00:00 UTC,4527.104154
2021-11-08 00:00:00 UTC,4626.629288
2021-11-09 00:00:00 UTC,4815.004634
2021-11-10 00:00:00 UTC,4742.080911
2021-11-11 00:00:00 UTC,4641.528765
2021-11-12 00:00:00 UTC,4732.92445
2021-11-13 00:00:00 UTC,4685.106356
2021-11-14 00:00:00 UTC,4666.498498
2021-11-15 00:00:00 UTC,4652.947394
2021-11-16 00:00:00 UTC,4583.211419
2021-11-17 00:00:00 UTC,4243.352907
2021-11-18 00:00:00 UTC,4302.804959
2021-11-19 00:00:00 UTC,3993.846595
2021-11-20 00:00:00 UTC,4317.603196
2021-11-21 00:00:00 UTC,4436.192767
2021-11-22 00:00:00 UTC,4319.361567
2021-11-23 00:00:00 UTC,4101.062876
2021-11-24 00:00:00 UTC,4355.420958
2021-11-25 00:00:00 UTC,4269.43722
2021-11-26 00:00:00 UTC,4515.8433
2021-11-27 00:00:00 UTC,4048.312844
2021-11-28 00:00:00 UTC,4084.088486
2021-11-29 00:00:00 UTC,4290.091863
2021-11-30 00:00:00 UTC,4444.52828
2021-12-01 00:00:00 UTC,4637.121617
2021-12-02 00:00:00 UTC,4589.610618
2021-12-03 00:00:00 UTC,4519.441028
2021-12-04 00:00:00 UTC,4240.155517
2021-12-05 00:00:00 UTC,4101.656792
2021-12-06 00:00:00 UTC,4198.572875
2021-12-07 00:00:00 UTC,4347.615631
2021-12-08 00:00:00 UTC,4310.566646
2021-12-09 00:00:00 UTC,4431.540647
2021-12-10 00:00:00 UTC,4153.333311
2021-12-11 00:00:00 UTC,3918.200743
2021-12-12 00:00:00 UTC,4079.814931
2021-12-13 00:00:00 UTC,4135.84151
2021-12-14 00:00:00 UTC,3782.895262
2021-12-15 00:00:00 UTC,3858.164468
2021-12-16 00:00:00 UTC,4015.722543
2021-12-17 00:00:00 UTC,3971.559766
2021-12-18 00:00:00 UTC,3886.747362
2021-12-19 00:00:00 UTC,3966.425352
2021-12-20 00:00:00 UTC,3928.841724
2021-12-21 00:00:00 UTC,3950.482392
2021-12-22 00:00:00 UTC,4036.549718
2021-12-23 00:00:00 UTC,3992.594577
2021-12-24 00:00:00 UTC,4113.529932
2021-12-25 00:00:00 UTC,4055.117367
2021-12-26 00:00:00 UTC,4110.571871
2021-12-27 00:00:00 UTC,4075.031619
2021-12-28 00:00:00 UTC,4045.05135
2021-12-29 00:00:00 UTC,3807.360367
2021-12-30 00:00:00 UTC,3644.405517
2021-12-31 00:00:00 UTC,3714.945456
2022-01-01 00:00:00 UTC,3686.402542
2022-01-02 00:00:00 UTC,3780.315874
2022-01-03 00:00:00 UTC,3835.395991
2022-01-04 00:00:00 UTC,3769.40494
2022-01-05 00:00:00 UTC,3794.90813
2022-01-06 00:00:00 UTC,3556.906227
2022-01-07 00:00:00 UTC,3416.826009
2022-01-08 00:00:00 UTC,3201.794574
2022-01-09 00:00:00 UTC,3101.040902
2022-01-10 00:00:00 UTC,3156.967262
2022-01-11 00:00:00 UTC,3086.729002
2022-01-12 00:00:00 UTC,3246.413723
2022-01-13 00:00:00 UTC,3378.035895
2022-01-14 00:00:00 UTC,3256.758866
2022-01-15 00:00:00 UTC,3311.986061
2022-01-16 00:00:00 UTC,3331.246655
2022-01-17 00:00:00 UTC,3356.295444
2022-01-18 00:00:00 UTC,3216.592981
2022-01-19 00:00:00 UTC,3166.453912
2022-01-20 00:00:00 UTC,3097.021466
2022-01-21 00:00:00 UTC,3015.588778
2022-01-22 00:00:00 UTC,2564.343342
2022-01-23 00:00:00 UTC,2407.377852
2022-01-24 00:00:00 UTC,2537.836728
2022-01-25 00:00:00 UTC,2447.831512
2022-01-26 00:00:00 UTC,2465.21923
2022-01-27 00:00:00 UTC,2470.430412
2022-01-28 00:00:00 UTC,2411.863855
2022-01-29 00:00:00 UTC,2551.111074
2022-01-30 00:00:00 UTC,2603.603872
2022-01-31 00:00:00 UTC,2610.182406
2022-02-01 00:00:00 UTC,2689.220867
2022-02-02 00:00:00 UTC,2797.434855
2022-02-03 00:00:00 UTC,2690.319739
2022-02-04 00:00:00 UTC,2667.256728
2022-02-05 00:00:00 UTC,2993.09944
2022-02-06 00:00:00 UTC,3018.673398
2022-02-07 00:00:00 UTC,3062.805808
2022-02-08 00:00:00 UTC,3149.953286
2022-02-09 00:00:00 UTC,3127.438107
2022-02-10 00:00:00 UTC,3240.921044
2022-02-11 00:00:00 UTC,3081.911502
2022-02-12 00:00:00 UTC,2930.563169
2022-02-13 00:00:00 UTC,2918.085367
2022-02-14 00:00:00 UTC,2889.235678
2022-02-15 00:00:00 UTC,2935.6455
2022-02-16 00:00:00 UTC,3179.300207
2022-02-17 00:00:00 UTC,3128.640781
2022-02-18 00:00:00 UTC,2881.613122
2022-02-19 00:00:00 UTC,2792.303848
2022-02-20 00:00:00 UTC,2768.971652
2022-02-21 00:00:00 UTC,2632.491399
2022-02-22 00:00:00 UTC,2574.513384
2022-02-23 00:00:00 UTC,2644.153656
2022-02-24 00:00:00 UTC,2594.700959
2022-02-25 00:00:00 UTC,2599.93357
2022-02-26 00:00:00 UTC,2771.89051
2022-02-27 00:00:00 UTC,2785.338957
2022-02-28 00:00:00 UTC,2629.483121
2022-03-01 00:00:00 UTC,2919.294962
2022-03-02 00:00:00 UTC,2977.27604
2022-03-03 00:00:00 UTC,2953.315776
2022-03-04 00:00:00 UTC,2836.906337
2022-03-05 00:00:00 UTC,2619.356138
2022-03-06 00:00:00 UTC,2668.705979
2022-03-07 00:00:00 UTC,2558.359874
2022-03-08 00:00:00 UTC,2498.658865
2022-03-09 00:00:00 UTC,2576.627154
2022-03-10 00:00:00 UTC,2731.037685
2022-03-11 00:00:00 UTC,2611.464723
2022-03-12 00:00:00 UTC,2562.832354
2022-03-13 00:00:00 UTC,2579.458136
2022-03-14 00:00:00 UTC,2518.492845
2022-03-15 00:00:00 UTC,2591.542041
2022-03-16 00:00:00 UTC,2620.363852
2022-03-17 00:00:00 UTC,2771.759457
2022-03-18 00:00:00 UTC,2817.401075
2022-03-19 00:00:00 UTC,2945.74591
2022-03-20 00:00:00 UTC,2947.226158
2022-03-21 00:00:00 UTC,2860.641961
2022-03-22 00:00:00 UTC,2896.586932
2022-03-23 00:00:00 UTC,2969.784984
2022-03-24 00:00:00 UTC,3028.835258
2022-03-25 00:00:00 UTC,3106.657024
2022-03-26 00:00:00 UTC,3106.072054
2022-03-27 00:00:00 UTC,3140.875711
2022-03-28 00:00:00 UTC,3285.173097
2022-03-29 00:00:00 UTC,3328.934125
2022-03-30 00:00:00 UTC,3401.184431
2022-03-31 00:00:00 UTC,3383.788762
2022-04-01 00:00:00 UTC,3283.302843
2022-04-02 00:00:00 UTC,3451.196091
2022-04-03 00:00:00 UTC,3440.336238
2022-04-04 00:00:00 UTC,3521.584725
2022-04-05 00:00:00 UTC,3520.967118
2022-04-06 00:00:00 UTC,3422.969884
2022-04-07 00:00:00 UTC,3171.371104
2022-04-08 00:00:00 UTC,3232.834989
2022-04-09 00:00:00 UTC,3192.025091
2022-04-10 00:00:00 UTC,3265.938068
2022-04-11 00:00:00 UTC,3219.159553
2022-04-12 00:00:00 UTC,2992.702106
2022-04-13 00:00:00 UTC,3038.209422
2022-04-14 00:00:00 UTC,3121.399823
2022-04-15 00:00:00 UTC,3023.417212
2022-04-16 00:00:00 UTC,3045.428075
2022-04-17 00:00:00 UTC,3066.358014
2022-04-18 00:00:00 UTC,2995.719421
2022-04-19 00:00:00 UTC,3061.890571
2022-04-20 00:00:00 UTC,3104.688448
2022-04-21 00:00:00 UTC,3079.676478
2022-04-22 00:00:00 UTC,2987.488876
2022-04-23 00:00:00 UTC,2967.085285
2022-04-24 00:00:00 UTC,2940.687978
2022-04-25 00:00:00 UTC,2922.901865
2022-04-26 00:00:00 UTC,3008.336347
2022-04-27 00:00:00 UTC,2806.748836
2022-04-28 00:00:00 UTC,2889.592223
2022-04-29 00:00:00 UTC,2932.455084
2022-04-30 00:00:00 UTC,2817.489882
2022-05-01 00:00:00 UTC,2738.174136
2022-05-02 00:00:00 UTC,2832.513107
2022-05-03 00:00:00 UTC,2861.372376
2022-05-04 00:00:00 UTC,2786.047248
2022-05-05 00:00:00 UTC,2942.052313
2022-05-06 00:00:00 UTC,2753.936567
2022-05-07 00:00:00 UTC,2699.707247
2022-05-08 00:00:00 UTC,2641.229107
2022-05-09 00:00:00 UTC,2517.829922
2022-05-10 00:00:00 UTC,2249.890962
2022-05-11 00:00:00 UTC,2344.797716
2022-05-12 00:00:00 UTC,2080.910244
2022-05-13 00:00:00 UTC,1966.699171
2022-05-14 00:00:00 UTC,2010.214051
2022-05-15 00:00:00 UTC,2064.229358
2022-05-16 00:00:00 UTC,2147.047448
2022-05-17 00:00:00 UTC,2025.888698
2022-05-18 00:00:00 UTC,2095.178885
2022-05-19 00:00:00 UTC,1915.177123
2022-05-20 00:00:00 UTC,2023.848259
2022-05-21 00:00:00 UTC,1963.99094
2022-05-22 00:00:00 UTC,1978.147133
2022-05-23 00:00:00 UTC,2046.64635
2022-05-24 00:00:00 UTC,1974.581194
2022-05-25 00:00:00 UTC,1979.770545
2022-05-26 00:00:00 UTC,1944.842845
2022-05-27 00:00:00 UTC,1807.969474
2022-05-28 00:00:00 UTC,1724.875734
2022-05-29 00:00:00 UTC,1798.694855
2022-05-30 00:00:00 UTC,1814.98316
2022-05-31 00:00:00 UTC,1995.936484
2022-06-01 00:00:00 UTC,1944.078767
2022-06-02 00:00:00 UTC,1828.892655
2022-06-03 00:00:00 UTC,1833.089841
2022-06-04 00:00:00 UTC,1776.979907
2022-06-05 00:00:00 UTC,1804.26167
2022-06-06 00:00:00 UTC,1805.331395
2022-06-07 00:00:00 UTC,1860.181307
2022-06-08 00:00:00 UTC,1818.387712
2022-06-09 00:00:00 UTC,1794.539626
2022-06-10 00:00:00 UTC,1788.418287
2022-06-11 00:00:00 UTC,1663.844367
2022-06-12 00:00:00 UTC,1530.038617
2022-06-13 00:00:00 UTC,1454.68676
2022-06-14 00:00:00 UTC,1205.595286
2022-06-15 00:00:00 UTC,1214.866265
2022-06-16 00:00:00 UTC,1230.364335
2022-06-17 00:00:00 UTC,1068.603575
2022-06-18 00:00:00 UTC,1087.813924
2022-06-19 00:00:00 UTC,995.2525693
2022-06-20 00:00:00 UTC,1125.754092
2022-06-21 00:00:00 UTC,1132.054394
2022-06-22 00:00:00 UTC,1124.561392
2022-06-23 00:00:00 UTC,1051.074068
2022-06-24 00:00:00 UTC,1144.480753
2022-06-25 00:00:00 UTC,1229.304085
2022-06-26 00:00:00 UTC,1244.286204
2022-06-27 00:00:00 UTC,1201.237791
2022-06-28 00:00:00 UTC,1194.224508
2022-06-29 00:00:00 UTC,1143.533536
2022-06-30 00:00:00 UTC,1098.905518
2022-07-01 00:00:00 UTC,1057.630999
2022-07-02 00:00:00 UTC,1068.81944
2022-07-03 00:00:00 UTC,1068.541503
2022-07-04 00:00:00 UTC,1074.607318
2022-07-05 00:00:00 UTC,1153.348315
2022-07-06 00:00:00 UTC,1134.01707
2022-07-07 00:00:00 UTC,1188.725643
2022-07-08 00:00:00 UTC,1240.378406
2022-07-09 00:00:00 UTC,1233.514679
2022-07-10 00:00:00 UTC,1216.849707
2022-07-11 00:00:00 UTC,1169.012708
2022-07-12 00:00:00 UTC,1097.449438
2022-07-13 00:00:00 UTC,1040.797146
2022-07-14 00:00:00 UTC,1112.920783
2022-07-15 00:00:00 UTC,1191.130837
2022-07-16 00:00:00 UTC,1234.099139
2022-07-17 00:00:00 UTC,1355.04564
2022-07-18 00:00:00 UTC,1344.720284
2022-07-19 00:00:00 UTC,1570.658959
2022-07-20 00:00:00 UTC,1542.629821
2022-07-21 00:00:00 UTC,1527.413931
2022-07-22 00:00:00 UTC,1576.825239
2022-07-23 00:00:00 UTC,1536.124922
2022-07-24 00:00:00 UTC,1552.496489
2022-07-25 00:00:00 UTC,1601.207967
2022-07-26 00:00:00 UTC,1450.482285
2022-07-27 00:00:00 UTC,1438.988038
2022-07-28 00:00:00 UTC,1636.949181
2022-07-29 00:00:00 UTC,1723.548521
2022-07-30 00:00:00 UTC,1739.042177
2022-07-31 00:00:00 UTC,1696.785098
2022-08-01 00:00:00 UTC,1682.011374
2022-08-02 00:00:00 UTC,1636.018556
2022-08-03 00:00:00 UTC,1638.378683
2022-08-04 00:00:00 UTC,1621.341324
2022-08-05 00:00:00 UTC,1612.418907
2022-08-06 00:00:00 UTC,1725.382627
2022-08-07 00:00:00 UTC,1693.296592
2022-08-08 00:00:00 UTC,1699.006418
2022-08-09 00:00:00 UTC,1775.701356
2022-08-10 00:00:00 UTC,1698.966129
2022-08-11 00:00:00 UTC,1852.878555
2022-08-12 00:00:00 UTC,1881.427405
2022-08-13 00:00:00 UTC,1959.330925
2022-08-14 00:00:00 UTC,1982.411828
2022-08-15 00:00:00 UTC,1936.701164
2022-08-16 00:00:00 UTC,1908.277642
2022-08-17 00:00:00 UTC,1880.600101
2022-08-18 00:00:00 UTC,1834.826453
2022-08-19 00:00:00 UTC,1850.111291
2022-08-20 00:00:00 UTC,1618.532504
2022-08-21 00:00:00 UTC,1579.415723
2022-08-22 00:00:00 UTC,1624.149983
2022-08-23 00:00:00 UTC,1622.307035
2022-08-24 00:00:00 UTC,1665.791907
2022-08-25 00:00:00 UTC,1657.793642
2022-08-26 00:00:00 UTC,1697.076972
2022-08-27 00:00:00 UTC,1510.189111
2022-08-28 00:00:00 UTC,1496.055466
2022-08-29 00:00:00 UTC,1438.74705
2022-08-30 00:00:00 UTC,1555.177456
2022-08-31 00:00:00 UTC,1525.400116
2022-09-01 00:00:00 UTC,1552.562966
2022-09-02 00:00:00 UTC,1588.980351
2022-09-03 00:00:00 UTC,1575.176631
2022-09-04 00:00:00 UTC,1555.674077
2022-09-05 00:00:00 UTC,1578.949301
2022-09-06 00:00:00 UTC,1617.935455
2022-09-07 00:00:00 UTC,1564.558954
2022-09-08 00:00:00 UTC,1629.883231
2022-09-09 00:00:00 UTC,1635.932176
2022-09-10 00:00:00 UTC,1717.076957
2022-09-11 00:00:00 UTC,1779.519029
2022-09-12 00:00:00 UTC,1761.317356
2022-09-13 00:00:00 UTC,1710.164291
2022-09-14 00:00:00 UTC,1573.205214
2022-09-15 00:00:00 UTC,1635.368206
2022-09-16 00:00:00 UTC,1471.999593
2022-09-17 00:00:00 UTC,1432.215807
2022-09-18 00:00:00 UTC,1471.203955
2022-09-19 00:00:00 UTC,1335.852552
2022-09-20 00:00:00 UTC,1379.920705
2022-09-21 00:00:00 UTC,1324.190565
2022-09-22 00:00:00 UTC,1252.774562
2022-09-23 00:00:00 UTC,1330.792793
2022-09-24 00:00:00 UTC,1329.558807
2022-09-25 00:00:00 UTC,1318.099347
2022-09-26 00:00:00 UTC,1294.075095
2022-09-27 00:00:00 UTC,1335.121205
2022-09-28 00:00:00 UTC,1331.150177
2022-09-29 00:00:00 UTC,1340.023059
2022-09-30 00:00:00 UTC,1335.738971
2022-10-01 00:00:00 UTC,1329.146032
2022-10-02 00:00:00 UTC,1311.263324
2022-10-03 00:00:00 UTC,1277.901345
2022-10-04 00:00:00 UTC,1323.504018
2022-10-05 00:00:00 UTC,1363.237182
2022-10-06 00:00:00 UTC,1352.586524
2022-10-07 00:00:00 UTC,1351.427369
2022-10-08 00:00:00 UTC,1324.894738
2022-10-09 00:00:00 UTC,1315.8578
2022-10-10 00:00:00 UTC,1322.269755
2022-10-11 00:00:00 UTC,1291.08166
2022-10-12 00:00:00 UTC,1279.883308
2022-10-13 00:00:00 UTC,1294.271051
2022-10-14 00:00:00 UTC,1288.164015
2022-10-15 00:00:00 UTC,1297.627605
2022-10-16 00:00:00 UTC,1275.693777
2022-10-17 00:00:00 UTC,1306.943119
2022-10-18 00:00:00 UTC,1333.440878
2022-10-19 00:00:00 UTC,1311.806726
2022-10-20 00:00:00 UTC,1284.654934
2022-10-21 00:00:00 UTC,1282.042647
2022-10-22 00:00:00 UTC,1299.801905
2022-10-23 00:00:00 UTC,1313.767779
2022-10-24 00:00:00 UTC,1364.486871
2022-10-25 00:00:00 UTC,1343.334492
2022-10-26 00:00:00 UTC,1462.048938
2022-10-27 00:00:00 UTC,1568.747586
2022-10-28 00:00:00 UTC,1514.863525
2022-10-29 00:00:00 UTC,1555.029214
2022-10-30 00:00:00 UTC,1619.429584
2022-10-31 00:00:00 UTC,1591.051773
2022-11-01 00:00:00 UTC,1572.979515
2022-11-02 00:00:00 UTC,1580.378733
2022-11-03 00:00:00 UTC,1520.638364
2022-11-04 00:00:00 UTC,1531.112631
2022-11-05 00:00:00 UTC,1644.192858
2022-11-06 00:00:00 UTC,1626.80643
2022-11-07 00:00:00 UTC,1572.947777
2022-11-08 00:00:00 UTC,1569.988636
2022-11-09 00:00:00 UTC,1334.287933
2022-11-10 00:00:00 UTC,1095.183977
2022-11-11 00:00:00 UTC,1301.55388
2022-11-12 00:00:00 UTC,1293.911595
2022-11-13 00:00:00 UTC,1255.601051
2022-11-14 00:00:00 UTC,1223.006443
2022-11-15 00:00:00 UTC,1241.997093
2022-11-16 00:00:00 UTC,1252.706731
2022-11-17 00:00:00 UTC,1217.702089
2022-11-18 00:00:00 UTC,1201.789842
2022-11-19 00:00:00 UTC,1213.49631
2022-11-20 00:00:00 UTC,1218.893657
2022-11-21 00:00:00 UTC,1144.253153
2022-11-22 00:00:00 UTC,1110.288213
2022-11-23 00:00:00 UTC,1135.175812
2022-11-24 00:00:00 UTC,1184.461758
2022-11-25 00:00:00 UTC,1204.207803
2022-11-26 00:00:00 UTC,1198.975588
2022-11-27 00:00:00 UTC,1205.65796
2022-11-28 00:00:00 UTC,1196.19622
2022-11-29 00:00:00 UTC,1170.115741
2022-11-30 00:00:00 UTC,1216.936421
2022-12-01 00:00:00 UTC,1298.94077
2022-12-02 00:00:00 UTC,1276.639371
2022-12-03 00:00:00 UTC,1293.948023
2022-12-04 00:00:00 UTC,1243.040842
2022-12-05 00:00:00 UTC,1282.416448
2022-12-06 00:00:00 UTC,1259.757575
2022-12-07 00:00:00 UTC,1271.935476
2022-12-08 00:00:00 UTC,1233.625048
2022-12-09 00:00:00 UTC,1281.210637
2022-12-10 00:00:00 UTC,1264.477347
2022-12-11 00:00:00 UTC,1264.792279
2022-12-12 00:00:00 UTC,1264.317986
2022-12-13 00:00:00 UTC,1275.332421
2022-12-14 00:00:00 UTC,1319.413008
2022-12-15 00:00:00 UTC,1308.400152
2022-12-16 00:00:00 UTC,1263.746424
2022-12-17 00:00:00 UTC,1165.973777
2022-12-18 00:00:00 UTC,1189.427522
2022-12-19 00:00:00 UTC,1186.777921
2022-12-20 00:00:00 UTC,1166.989591
2022-12-21 00:00:00 UTC,1217.888892
2022-12-22 00:00:00 UTC,1213.343161
2022-12-23 00:00:00 UTC,1217.85255
2022-12-24 00:00:00 UTC,1220.701745
2022-12-25 00:00:00 UTC,1221.35953
2022-12-26 00:00:00 UTC,1219.286343
2022-12-27 00:00:00 UTC,1226.253415
2022-12-28 00:00:00 UTC,1211.819562
2022-12-29 00:00:00 UTC,1188.728664
2022-12-30 00:00:00 UTC,1201.543106
2022-12-31 00:00:00 UTC,1199.110497
2023-01-01 00:00:00 UTC,1196.613065
2023-01-02 00:00:00 UTC,1200.659217
2023-01-03 00:00:00 UTC,1214.378946
2023-01-04 00:00:00 UTC,1214.760969
2023-01-05 00:00:00 UTC,1256.436604
2023-01-06 00:00:00 UTC,1250.792252
2023-01-07 00:00:00 UTC,1270.02861
2023-01-08 00:00:00 UTC,1264.836943
2023-01-09 00:00:00 UTC,1284.575404
2023-01-10 00:00:00 UTC,1321.676571
2023-01-11 00:00:00 UTC,1336.017072
2023-01-12 00:00:00 UTC,1389.771662
2023-01-13 00:00:00 UTC,1417.134909
2023-01-14 00:00:00 UTC,1453.37691
2023-01-15 00:00:00 UTC,1549.111474
2023-01-16 00:00:00 UTC,1551.324517
2023-01-17 00:00:00 UTC,1577.72589
2023-01-18 00:00:00 UTC,1569.530833
2023-01-19 00:00:00 UTC,1516.555475
2023-01-20 00:00:00 UTC,1550.508888
2023-01-21 00:00:00 UTC,1661.334919
2023-01-22 00:00:00 UTC,1625.909311
2023-01-23 00:00:00 UTC,1630.844855
2023-01-24 00:00:00 UTC,1632.961727
2023-01-25 00:00:00 UTC,1557.059761
2023-01-26 00:00:00 UTC,1614.677185
2023-01-27 00:00:00 UTC,1602.846949
2023-01-28 00:00:00 UTC,1598.470194
2023-01-29 00:00:00 UTC,1573.063439
2023-01-30 00:00:00 UTC,1646.51599
2023-01-31 00:00:00 UTC,1568.647713
2023-02-01 00:00:00 UTC,1586.539577
2023-02-02 00:00:00 UTC,1642.857168
2023-02-03 00:00:00 UTC,1648.679684
2023-02-04 00:00:00 UTC,1665.427871
2023-02-05 00:00:00 UTC,1667.271693
2023-02-06 00:00:00 UTC,1631.372523
2023-02-07 00:00:00 UTC,1617.144163
2023-02-08 00:00:00 UTC,1672.822678
2023-02-09 00:00:00 UTC,1651.408379
2023-02-10 00:00:00 UTC,1546.383769
2023-02-11 00:00:00 UTC,1515.534027
2023-02-12 00:00:00 UTC,1541.968877
2023-02-13 00:00:00 UTC,1515.334631
2023-02-14 00:00:00 UTC,1506.916201
