BLOCK_NUMBER,BLOCK_TIMESTAMP,VAULT_NUMBER,ILK,URN_ADDRESS
11128343,2020-10-25 22:35:11.000,16175,ETH-B,0xefb52b3c270c20bf180ca51393dac604c4851580
11301731,2020-11-21 13:25:09.000,17131,ETH-B,0xd6e6a39858448e9c67b3b3627a416a70892d489f
11350172,2020-11-28 23:55:40.000,17514,ETH-B,0xd347da6b49879eff52b11fd081dd30aaa36e0e05
11284539,2020-11-18 22:11:28.000,17016,ETH-B,0xcba09f5e1bcb0d3f271e85709024d4d8c4de9543
11234807,2020-11-11 06:55:19.000,16754,ETH-B,0xc834072b11203d3b0fea454d2a73143eeb95a7aa
11314088,2020-11-23 11:01:28.000,17240,ETH-B,0x3586860685b6721a6ee5d1583a1a3650f0ad564d
11212845,2020-11-07 21:54:51.000,16624,ETH-B,0x50772dd1cdf9a3273a9942fc6432dc20f672c6ea
11309389,2020-11-22 17:31:17.000,17215,ETH-B,0xdefca22700548c91362907db051adb485475a3b0
11206408,2020-11-06 22:05:45.000,16599,ETH-B,0xfc2dee67d55bbb52c781542325095f833a05e7c5
11218981,2020-11-08 20:35:18.000,16674,ETH-B,0x1a3ce0e37371251be120a915c584330a511e6a31
11332377,2020-11-26 06:24:41.000,17404,ETH-B,0xb0957ae521c3e06760f7e85ac1630f8f0b7ed859
11201035,2020-11-06 02:29:15.000,16560,ETH-B,0xb671bc618f725d6fcef35177a1e5a01b849b4e23
11353821,2020-11-29 13:06:43.000,17530,ETH-B,0xc3c17cc33bb263371f552536b92e5c793e37cb2a
11129006,2020-10-26 01:04:35.000,16180,ETH-B,0x890bfe79713d8ae947d43a34cf542ef90f84c927
11286442,2020-11-19 05:10:43.000,17029,ETH-B,0xb3f8be2b1d5fd32145d19e8b17219abb849360fc
11265418,2020-11-15 23:23:12.000,16917,ETH-B,0x83f03816122b595ebaaad4811614dbc449351371
11417631,2020-12-09 08:39:38.000,17853,ETH-B,0x55510eacb94021663f1ec29ac8fb4f83bfc8793c
11183363,2020-11-03 09:24:20.000,16472,ETH-B,0x5c230a655dc80c146c07a8154ef3766bd4a6d56e
11306973,2020-11-22 08:42:43.000,17188,ETH-B,0xe82c9a1846eb9ab0be74425769e058585728dadb
11128698,2020-10-25 23:56:45.000,16177,ETH-B,0x625e58d15e2f976d565274709e863224a968e541
11418529,2020-12-09 12:02:27.000,17859,ETH-B,0x1abaa69af5b403d7ea1624308f4766620b25a923
11302305,2020-11-21 15:33:36.000,17135,ETH-B,0x07562a3ce50b9874ed3e274344cacd43e4a3aca6
11183348,2020-11-03 09:21:32.000,16471,ETH-B,0x51ce6c59a160e433dfa8be1a2735d1f2fa06710c
11269756,2020-11-16 15:44:54.000,16935,ETH-B,0x269f802a7cb81c895353e203db8f31260507faa8
11298297,2020-11-21 00:49:42.000,17107,ETH-B,0x9f0ce2b95fc3c0df27a1e48a1f39cf1981c7ea24
11106688,2020-10-22 15:02:42.000,16065,ETH-B,0xddf5ce5426339da95ca08ca55d7ff292bc6612ed
11311246,2020-11-23 00:21:59.000,17229,ETH-B,0x0cdd31db72918ddd51245912989890beefd4c271
11233235,2020-11-11 01:08:21.000,16748,ETH-B,0x6d2c16e7c6c543e7b9480eadd3ce64cb7fa7c80d
11146942,2020-10-28 19:01:36.000,16288,ETH-B,0x35f9e0e89c2779618500a2736c6d6b897b824532
11393318,2020-12-05 15:01:10.000,17732,ETH-B,0xce9c26b636a859bb4b5262a59afada3bcd9404ee
11340888,2020-11-27 13:45:29.000,17471,ETH-B,0xf0cedb714f257d9a298d03270f4f2af0c0000eb0
11330518,2020-11-25 23:35:06.000,17394,ETH-B,0x345715bb2a0f1bd079ade437abbd9dd520067a82
11295503,2020-11-20 14:19:47.000,17087,ETH-B,0xb582ec184869b41d4e2e65bc9a02dc29b35b97a6
11128761,2020-10-26 00:10:26.000,16179,ETH-B,0x34477f55710e8a44f531a0903ed4e5ec728cff6a
11363063,2020-11-30 23:15:03.000,17597,ETH-B,0x11cbb3b4b2f1a9251fc19d019850aa78d5209d47
11389149,2020-12-04 23:39:56.000,17710,ETH-B,0xbb82ae5c7cd159eb71b577021d0e9246896ab829
11204190,2020-11-06 13:57:59.000,16586,ETH-B,0xc126a8cc5b9ebb3bc894e953c38376961bca0eca
11302221,2020-11-21 15:13:52.000,17134,ETH-B,0x39a6d93ef57b4cfcd8865e2ed86fdc61c16bfce6
11275692,2020-11-17 13:22:25.000,16967,ETH-B,0x752d6c6323b1428871a038c9ec789c9b6ea0484c
11202213,2020-11-06 06:43:11.000,16567,ETH-B,0x28352faa3c1637473179865d36a205b64d3de392
11341523,2020-11-27 16:09:36.000,17476,ETH-B,0x3077be3c29040edb419a34076996457a913123e4
11107597,2020-10-22 18:18:36.000,16067,ETH-B,0xe5463cf1a59d036cf4d98303ea4cf3927b46566c
11268114,2020-11-16 09:37:15.000,16928,ETH-B,0x26641b6e5f6720829f3747abdc3ca0f4c202b559
11333465,2020-11-26 10:33:16.000,17411,ETH-B,0x36bacd3e28ef1a353420c4db61de21d236778a97
11290656,2020-11-19 20:32:41.000,17060,ETH-B,0x8f82cae8e791c82cf002251d531c83b7be1a2edc
11171292,2020-11-01 12:50:05.000,16406,ETH-B,0x36ea2011f00f4c58e4a86631cea7e04b755d58ba
14369373,2022-03-12 02:53:23.000,27723,ETH-B,0xb638278f19b8ddf7135c1cffa422728e1ff83d3c
14952842,2022-06-12 23:26:44.000,28605,ETH-B,0x77aa09c1e5451f2e247b8ce9ea9f8d3a31d3871e
15263470,2022-08-02 13:48:34.000,29142,ETH-B,0xd6e4b8b6ff2ba9293da9d835d0da0857497596dd
15315196,2022-08-10 15:44:23.000,29212,ETH-B,0xac10d4ad9ff09dab9751ffb215f09656fb38fec0
14952582,2022-06-12 22:24:44.000,28603,ETH-B,0x1ca568f4a6ba24dd9fab2c20437968fc69d637d2
15385923,2022-08-21 19:52:09.000,29320,ETH-B,0x1e424ba4269d99c1656bb8b218036507772a7553
15333920,2022-08-13 14:23:08.000,29245,ETH-B,0xd18febf585849055ec74bd4c1b64eb9e7fa84fb5
14652208,2022-04-25 06:26:07.000,28105,ETH-B,0x1245c11ab0bc27df189b61b575d71d4778d8fe5f
13926785,2022-01-02 15:17:01.000,27123,ETH-B,0x7c1d814d2d876ee88b83374d483833502d41cd9e
14445987,2022-03-24 01:11:03.000,27816,ETH-B,0x208f9c3a91e8aeb08b074973012ef1894c6b16d4
14744406,2022-05-09 20:17:04.000,28215,ETH-B,0xf38d50d99d6de6a4a4f4d75cff1de4fe55724fbe
14744883,2022-05-09 22:08:08.000,28220,ETH-B,0x2ea4b74f735388bf63674f7861b4b13898b3d1ac
14503990,2022-04-02 01:56:39.000,27901,ETH-B,0xe000e57357a76bdbd4121c4d19acdb9405755a0b
14966777,2022-06-15 09:25:35.000,28663,ETH-B,0x5f0e1e5994d41d7ed3ca391b49eddf79119bf923
15154838,2022-07-16 16:39:25.000,29013,ETH-B,0x3a8917cd6cea6cccccceaf324cf19e625ee12f67
15927805,2022-11-08 20:48:59.000,29709,ETH-B,0x62fec2bde0f3c3ac524fbc9dffad8e250872f49c
14723420,2022-05-06 12:00:55.000,28188,ETH-B,0x5b815ab616a58017689149d7ca662384dc04346d
15995515,2022-11-18 07:50:47.000,29790,ETH-B,0x3cdb3791b399c96fdc894da05ac8d385fc0dd62b
14670705,2022-04-28 04:16:52.000,28128,ETH-B,0xa27e9e66d26efc0fe8fd481c28f60bd548a79758
14633513,2022-04-22 08:10:10.000,28091,ETH-B,0x3c34c4fd45f940b91e043a381538976ec56d07c1
14426116,2022-03-20 23:06:44.000,27795,ETH-B,0x939d25f8ab9757b0aded91f80efa342847db97de
16087068,2022-12-01 02:47:59.000,29892,ETH-B,0x726849ca810c4a29b02d4e906a128e287ff55d21
15330138,2022-08-13 00:12:49.000,29242,ETH-B,0xaa000b985be95fd213d31846486174d6610ded82
15932439,2022-11-09 12:21:47.000,29716,ETH-B,0x7fca1cf90d2164f17ce7ef55ec9c670cc2b3aa0d
15193518,2022-07-22 16:36:36.000,29064,ETH-B,0x6bb4e6568fcf506f37a12fd6dd7c6aded7d518bc
14858324,2022-05-28 04:57:40.000,28459,ETH-B,0x288562d3ed2100ed0596ed9453a27e009428c7ac
14521818,2022-04-04 21:01:29.000,27938,ETH-B,0xf1167ca53615afbb88c1f78bfbdd56f22f834000
14268691,2022-02-24 12:05:15.000,27606,ETH-B,0x7d65a96d9625bb2c6a1a08adb23dc07091a7ffa0
14986536,2022-06-18 18:49:27.000,28721,ETH-B,0x572fe780deb54abc2d91ed50e88e17416e334b73
13989643,2022-01-12 08:29:25.000,27230,ETH-B,0x1c0f74f9fabae22e4ca9b72935d5525f769c4f71
14485580,2022-03-30 05:00:40.000,27877,ETH-B,0x35ab268642e5df979b936e845e81567ec7dc59bd
15013814,2022-06-23 16:25:47.000,28793,ETH-B,0xcaacc736c227fbcf8019285288774ce89e61b8fd
15156917,2022-07-17 00:24:02.000,29019,ETH-B,0xa6c1d155a41fe65086f4c8eb902e4e0f5d3a3c9a
14849480,2022-05-26 18:17:28.000,28438,ETH-B,0xc0b345e437e7d6d627a482d7ddc629142c4f9568
14756886,2022-05-11 20:05:17.000,28246,ETH-B,0xe80ebf4e3cf5c52c0213416b9610ed80d2ab3870
15933180,2022-11-09 14:51:47.000,29719,ETH-B,0x7ca89299ca07c6563c9b3f8ac2ee8971d89ce2ff
15441121,2022-08-30 15:24:07.000,29368,ETH-B,0x19850b9717821c89198248edae22e723a392e76a
14848228,2022-05-26 13:34:26.000,28436,ETH-B,0x3e040fe34262dbd5bd5020a3b70db2ecb81ab08d
14764760,2022-05-13 02:31:28.000,28277,ETH-B,0x97cedbb9e671fb89d1cc5e082d8483658a692ec3
14710505,2022-05-04 10:51:27.000,28169,ETH-B,0xdc71a7a85050dd702fe2b99c9b2238df9fb87f9e
14959084,2022-06-14 01:09:14.000,28630,ETH-B,0x6286447b45c852a504ec39131317854cf1f8936f
15155043,2022-07-16 17:28:08.000,29014,ETH-B,0x25d4bc41102477aa9fc238a74cd4c6269be5917d
14872753,2022-05-30 13:23:20.000,28482,ETH-B,0x107697d7977fbeab26ed007e8de61b4afee872d6
15373493,2022-08-19 20:46:29.000,29306,ETH-B,0xf25519c56bf00f0201009c346d76e3657a0fef5a
14047154,2022-01-21 05:42:25.000,27276,ETH-B,0xe1a158efc069b55568dcc1b88d6412f3b700721a
15133665,2022-07-13 10:09:42.000,28983,ETH-B,0x3fcb9fc5d0d8dc917d72f2021bfddb18f8876b36
14943825,2022-06-11 10:40:36.000,28584,ETH-B,0xfe0f67a334583abaca2dc5250ee5d361b72b1dda
14962018,2022-06-14 13:37:55.000,28645,ETH-B,0xf739895248d62c24b722d571e71bf23fa7ca37fb
14400983,2022-03-17 01:12:53.000,27753,ETH-B,0x51a8755f5b48f128ab23d0825a359fcff0280e01
15216526,2022-07-26 06:29:08.000,29083,ETH-B,0x54185742c01b45667faef1d5d457deba7e208876
14566056,2022-04-11 18:45:33.000,28008,ETH-B,0x3608ebdd6a7c6a2a9361558c1b4f71573d05572f
14744673,2022-05-09 21:17:17.000,28217,ETH-B,0x6cac331b50177062c0ee3b87d6e39baa4d9c4575
14669976,2022-04-28 01:33:08.000,28126,ETH-B,0xb2690c6b61526cc05da0a0bc0e7fa55750a59a63
15984034,2022-11-16 17:20:35.000,29775,ETH-B,0x58c67dc02256270ef0f250542e0aac26dc428c03
13903941,2021-12-30 02:08:09.000,27086,ETH-B,0xca5e23af6b4c8028f4cd1be621b85a43bdb64a9c
14955908,2022-06-13 12:06:23.000,28614,ETH-B,0x1f6e0962386c6a8ab10fe4a6c124f4570ab8ebc4
15498780,2022-09-08 20:55:48.000,29414,ETH-B,0xd50c9ef756f6dbed82fcc7bbd4dc89c3f4ffc569
14948929,2022-06-12 07:23:59.000,28593,ETH-B,0x42cf8c02e8507b97988fccbf9237e638fbbb40e4
13876321,2021-12-25 19:44:44.000,27041,ETH-B,0x902f2738ea646b47bec0c04d2ccdad3d91c481f2
14984615,2022-06-18 11:04:16.000,28712,ETH-B,0x8c5c9ea1ab7c44a4b7f9fc8607947efe156e9786
15213728,2022-07-25 20:02:43.000,29079,ETH-B,0xc40f2ebaa59e01a36383cd91c5eb8b526a926fd6
16049851,2022-11-25 22:02:11.000,29864,ETH-B,0x51f7cbba6d6bfce29304527a2d024a786bcc49fa
15443907,2022-08-31 02:05:18.000,29371,ETH-B,0x6ca507d988c642f7edbf299647097c0657445249
15105270,2022-07-09 00:40:26.000,28952,ETH-B,0xbf4183f5f7a27e9ba7c77e4cbc031a17de99dada
14194080,2022-02-12 22:47:58.000,27509,ETH-B,0x23e696fbefbf481cdb35ee18803742c063818b33
14952421,2022-06-12 21:41:31.000,28601,ETH-B,0x0229437a56e725f3d28388e00453a0a92032b560
14958285,2022-06-13 21:52:39.000,28627,ETH-B,0xd654fdc47865753b21bb1d7c50f25679353f5c8e
15480967,2022-09-06 00:40:54.000,29402,ETH-B,0x3cb3f23a2bfcb67185c982f9d12c50aa313e27f0
14981717,2022-06-17 22:58:03.000,28703,ETH-B,0xda31bb6068b3ec633e0847a2fb522591ab269383
14561803,2022-04-11 02:51:06.000,28001,ETH-B,0x1ee8e028b48a373b7b51249d6317ccda3cab62c1
15989064,2022-11-17 10:11:47.000,29782,ETH-B,0xf9c15d7dc3ab54cdb58050ffeba82dacd46a2489
14476613,2022-03-28 19:47:04.000,27863,ETH-B,0x84f12e139e993cea5ccebaaaf3678420ce18ed54
14081907,2022-01-26 14:48:02.000,27342,ETH-B,0x8fcc288816dbdc416f2d7f4c1fa6995f76195a50
14912115,2022-06-06 00:49:46.000,28528,ETH-B,0xbcaafda41cf2abb69a6ff8a9ab023f98851f9bf5
16052398,2022-11-26 06:33:59.000,29866,ETH-B,0x3cd36219af2029c252a8230b6049a9496cd7d9c0
14570765,2022-04-12 12:47:26.000,28018,ETH-B,0x5815020a234558e4a1f60c0476dc98326758d69a
14380478,2022-03-13 20:38:45.000,27737,ETH-B,0x6decf6b0ec46b6f2bbd2ab872d79001994f06f9b
16294246,2022-12-30 01:17:47.000,29994,ETH-B,0x2fc53a9ccaf4d3c0df0581fe94a1ca3e888ad61b
14848838,2022-05-26 15:51:11.000,28437,ETH-B,0x9c00f1ea7ca0065a6d74a0dcdb281b3dae3c863f
14598459,2022-04-16 20:08:39.000,28051,ETH-B,0xb525d3ecec33c95a0fde3d09d1639e1b5873d655
15157793,2022-07-17 03:33:11.000,29022,ETH-B,0x4119b4acc025c856e61b300bc16c9f3a7ba8fe6b
14297575,2022-02-28 23:19:48.000,27646,ETH-B,0xc1a178c30734f25019bc137b0405c78f085ed318
14980855,2022-06-17 19:22:39.000,28700,ETH-B,0x5e756d23434c620a99376b409ab084eae1845553
14986736,2022-06-18 19:40:19.000,28723,ETH-B,0x11c144bd11e612dd3f28791f4ceef68c25979257
14852094,2022-05-27 04:28:47.000,28445,ETH-B,0x47b1c58019dd09eff587f387254d4440a3ec6d0e
14843368,2022-05-25 18:14:35.000,28429,ETH-B,0x1843ffb7284dc69e2c90ddf0506aeb630aae15ab
12368521,2021-05-04 15:16:38.000,23477,ETH-B,0x4318ee2081a698331919a44be4f74e07235953c0
12362765,2021-05-03 18:07:48.000,23434,ETH-B,0xb0625c297d7789811c0474434978f1bc4afccc93
11893923,2021-02-20 12:55:20.000,21230,ETH-B,0x655dc77da9a005e5673eee24b899ae244f8b18dd
12103925,2021-03-24 21:09:31.000,22211,ETH-B,0x18a36a79d75b9a70366eb6c9a29ad6e2c9f73793
12355278,2021-05-02 14:23:55.000,23397,ETH-B,0x193128597d0e4e23a1f1c4e330c2b56ba4acba26
12350886,2021-05-01 21:54:57.000,23373,ETH-B,0x98b4920e2b392cf7798df4ab220b981d3a08d6ac
12372537,2021-05-05 06:10:19.000,23511,ETH-B,0x62cbaca8699222815aa4889a62a915ecf0faf776
11990941,2021-03-07 10:56:42.000,21797,ETH-B,0xc3bbc7834c8c463075b59755f00ea5841c98ef1d
12366072,2021-05-04 06:09:42.000,23465,ETH-B,0xd423073fd5d395dac5fd32bb8e6bcabfa20d9d38
12008877,2021-03-10 05:31:22.000,21892,ETH-B,0xfec2c8d156742bc1788635f96348adeb06c27d23
12105451,2021-03-25 02:41:43.000,22215,ETH-B,0xa1396ea65ec4d7dec940b0ed0d0a580c1dc97667
12365963,2021-05-04 05:44:25.000,23458,ETH-B,0x340ed9a29cdc44dbb54a3522b420831433d8e1bb
12365985,2021-05-04 05:49:20.000,23459,ETH-B,0x45178400854c57b75612f2d73ba0eeaf3737f1ca
12366040,2021-05-04 06:03:06.000,23463,ETH-B,0x3030b31f02b989d5ac7240aabd6e208ec46c626e
12000797,2021-03-08 23:17:33.000,21839,ETH-B,0xbed8c5f5012eb8fa25a6ade741d508e5c647ede3
11947293,2021-02-28 17:58:46.000,21521,ETH-B,0xb263e9de2626a626e4944068832795b2c9fe589a
12384477,2021-05-07 02:29:28.000,23577,ETH-B,0xdbe774e16a02fa41e41c6bd389543602d9708d3f
12822177,2021-07-14 01:16:26.000,25012,ETH-B,0x7be2d71768a7c9dec6c2692babf8756719a99333
12667985,2021-06-20 00:19:21.000,24707,ETH-B,0x5552fa21ad68a578219110ae656e2921a94029f0
12493605,2021-05-23 23:40:57.000,24140,ETH-B,0x91968d592ae0034ba14c80579d1973e786c78470
12751826,2021-07-03 01:53:03.000,24905,ETH-B,0x3afc8ba81840fb09e3022f215cc0067f79e74494
13509203,2021-10-29 01:26:33.000,26266,ETH-B,0x260e30f4cc513614253a4de9bfe754b0d958ef63
13829054,2021-12-18 12:11:42.000,26984,ETH-B,0x170eb8153c810c731468a3bbd94ba6342020a24b
12860545,2021-07-20 01:33:16.000,25051,ETH-B,0xd2e9313940f8e731e9f426dfa495679455959a31
13548619,2021-11-04 06:23:30.000,26372,ETH-B,0xd8812cc843a00975a569708109a90e1d645bf2f0
12492408,2021-05-23 19:13:27.000,24129,ETH-B,0x8be95375d7f703795b4f740a50e6cd2ab9781940
13459028,2021-10-21 05:01:21.000,26166,ETH-B,0x7ce2bb1e0c55cf54ef6bce3214c74b1335b52e6b
12664955,2021-06-19 13:02:49.000,24702,ETH-B,0x8afa64e555a34d4f179e2675899f9d4107888170
12624576,2021-06-13 06:46:23.000,24559,ETH-B,0x295341a22dcf1b1d5725e4454a67e8df133b59b3
12660363,2021-06-18 19:38:50.000,24685,ETH-B,0x17e3e9177b78ed68c1916b9ada1f8925363a0330
13486120,2021-10-25 10:42:20.000,26226,ETH-B,0x18b52095439014f15898f46da7e74ba977605a17
13808485,2021-12-15 07:54:05.000,26957,ETH-B,0x4855dac5e46cffc10720c93288e09be12c2d667c
13624520,2021-11-16 04:31:42.000,26523,ETH-B,0x5258403f957abe5be1be5cbfada7b492cc3745f9
12710227,2021-06-26 14:33:08.000,24816,ETH-B,0x620b9f3ab70673cf6287a590aa3be2182e264cc2
12661638,2021-06-19 00:34:27.000,24692,ETH-B,0x95ee6cf99c38e09b6eb8b54fb10517733d0242b4
12946638,2021-08-02 15:08:11.000,25200,ETH-B,0x18183c51752436d93a7c5750e8d605a0e274a997
13526387,2021-10-31 18:26:13.000,26310,ETH-B,0xa6a1a72e4a70d0b84de3c6e324046e83f320e5a4
12837694,2021-07-16 11:39:30.000,25036,ETH-B,0xbd0418ade05169ae8c83cebe782673ca74f7ce17
13472088,2021-10-23 06:00:20.000,26197,ETH-B,0xf5c8e4aa109cd25604e91ed69e1a80692c31e500
12681450,2021-06-22 02:45:41.000,24752,ETH-B,0xb4e902194d118d26dc9082e27c6b6d1650544c0b
12618694,2021-06-12 08:50:35.000,24545,ETH-B,0x45f72bf1f614a3689d084fb540ca7375083b3471
13738793,2021-12-04 08:30:20.000,26822,ETH-B,0xdf44412f621730d3429a17666b6845f790b885df
13514745,2021-10-29 22:20:30.000,26285,ETH-B,0xbddaacfcd501431e0b7f16944fdc1178ef1b23f4
12783901,2021-07-08 01:50:18.000,24960,ETH-B,0xc328b46159f9d53899fc6c4da21253acbee2df16
13731499,2021-12-03 04:26:28.000,26806,ETH-B,0x4a7312ee90f0ba63a4146f435688e95f4491cc1e
12957517,2021-08-04 08:12:57.000,25212,ETH-B,0xe982bf4c5cbe0b8adb4e4976f3fedf32a50c40c9
13019040,2021-08-13 20:37:18.000,25311,ETH-B,0xa3ed8bddce8b7fde8ab64afb2d8747c1d987641f
12880093,2021-07-23 02:56:05.000,25091,ETH-B,0xa406107ab76297035f5a59961ef361b237d6b243
13182122,2021-09-08 01:30:46.000,25580,ETH-B,0x5ab7b75917eeef2fa45bba6c51ecf4bf0df4158d
13191336,2021-09-09 11:47:53.000,25596,ETH-B,0x9b91cc2ebf682e977087e1fdbc040a4e956f88ed
12559552,2021-06-03 05:04:59.000,24371,ETH-B,0x0e0aab8dc4a88547a5b650d1c907eb0974de59f1
13806775,2021-12-15 01:23:44.000,26955,ETH-B,0x6d2f1ce04dae37f85f2ae0e6de1a94875e320ad5
12661305,2021-06-18 23:18:17.000,24691,ETH-B,0x7789fdef845d40851a7c000788f47074d107399c
12708399,2021-06-26 07:46:21.000,24812,ETH-B,0xc745c46c71632706e47a28202dbc50866e2042da
12621539,2021-06-12 19:35:40.000,24551,ETH-B,0xcee7cbc6bed31541548ac98cae0cd260527f1a53
12495084,2021-05-24 05:11:36.000,24153,ETH-B,0x50ee2180a72de9c9d36b6609f484047bf2009c20
12480195,2021-05-21 21:46:40.000,24057,ETH-B,0x7241dc113712a1f3c56e0a6e1285c8b9acea4a87
12625510,2021-06-13 10:14:16.000,24563,ETH-B,0xb8580b2f8e95533721ed87e0bf040d756dbc173d
13528623,2021-11-01 02:50:11.000,26315,ETH-B,0x7eb92568e9fdf3cb11e61ee01ed0f665176128b1
13223817,2021-09-14 12:19:54.000,25663,ETH-B,0x4ba1a2844c07fbad50b0a2a8b263dc714c04354f
14775876,2022-05-14 21:04:54.000,28305,ETH-B,0x45676cdc469186349e5f9f8810043460e501a621
15473720,2022-09-04 20:30:42.000,29396,ETH-B,0x2104f1e3ea537b5144df15ac879a3b148188f47f
14153920,2022-02-06 17:35:43.000,27444,ETH-B,0x15920d415ae0163919399a8bb6578e45ef9d71dc
14487370,2022-03-30 11:42:32.000,27879,ETH-B,0x1f8435c4384f163f3fb99bced2fde3472f2f819f
15528443,2022-09-13 18:27:26.000,29430,ETH-B,0x71de5954bd0e2edba3be18a4b9fd0c0ea9174a5f
14744445,2022-05-09 20:24:21.000,28216,ETH-B,0x1ce3fe28ec04e8d5d2afe1f45a99cedca5d0fa7e
13913118,2021-12-31 12:22:51.000,27099,ETH-B,0x8dc5f78f4ad7c537d9bfc7f7d016760ec20c1310
16026954,2022-11-22 17:12:23.000,29841,ETH-B,0xd28515717e05775d5aed56d09bce33663533f964
14231125,2022-02-18 16:20:26.000,27562,ETH-B,0x4474ce28b9df1ab8d70ada6938f4de66c98d6fe2
14084962,2022-01-27 02:18:57.000,27345,ETH-B,0x13acf7e380da5d69b7324ba08306087c2d0984b3
15805948,2022-10-22 20:10:47.000,29637,ETH-B,0xdb5b62bed25ff775da209cfa03630816129a3203
15040381,2022-06-28 15:37:10.000,28831,ETH-B,0x246fde2fd8131cb7cde67cb8265f19a215aca7c9
14757920,2022-05-12 00:05:39.000,28251,ETH-B,0xedd1dcd409d6bc7f96d7dcdad31604a6050ac9ce
15521547,2022-09-12 15:16:12.000,29422,ETH-B,0xd61f7e0f7b1b450d11387e8112bd2f38a52c02b1
13913700,2021-12-31 14:39:33.000,27103,ETH-B,0x418156cec4f0b51778b03ae217da986affa49950
16077976,2022-11-29 20:16:47.000,29885,ETH-B,0xcfcc9bf2ecb3d24e271dd7f0157562e067d3f664
14710127,2022-05-04 09:31:25.000,28168,ETH-B,0xa5b32c785a6233f1353fbd107be98078a3aa9af0
15340675,2022-08-14 15:52:32.000,29253,ETH-B,0xa01061549d23759d5e03c9b63854a42da96f23e3
13912314,2021-12-31 09:23:08.000,27096,ETH-B,0x598370731af8910761a3dee831f6a05721c3599a
15328153,2022-08-12 17:03:12.000,29240,ETH-B,0x274825a1062d8df9b114718952beaebe8942800a
14986895,2022-06-18 20:13:35.000,28724,ETH-B,0xe3060b4e2657cc9355fce9d76fb9a388e26f6002
15398201,2022-08-23 18:20:49.000,29335,ETH-B,0x2ac6a45dafcc8f5f173ec32c99c38cf2fee6300e
14592793,2022-04-15 23:04:21.000,28038,ETH-B,0xe825fb619cbbbb8cff7bd63b7c33da0a0be16a2e
15191528,2022-07-22 09:25:58.000,29062,ETH-B,0xca2440c987487c08b71110687f0131c55893066e
15584501,2022-09-21 21:44:35.000,29512,ETH-B,0xdeba79f7a7f9d17a03cbfb9f993ff50203e9c86f
15098641,2022-07-08 00:22:45.000,28942,ETH-B,0xbea32ece43afacc70c07fb9ac3b25ccfd2dc803d
16294332,2022-12-30 01:34:59.000,29996,ETH-B,0xa3e586f36394e4bb8f619066f1e88e596b7ca5ea
14518480,2022-04-04 08:32:14.000,27931,ETH-B,0xb9aa9479353f74982d1698b3f4de2ff2ba32bdbe
14959466,2022-06-14 02:50:27.000,28633,ETH-B,0x307cb4fdf13b76818ca574f8962acdfe7e11ecf8
14992030,2022-06-19 17:48:16.000,28737,ETH-B,0xb896eee069a96ff8193e39e5f5ead496c018e1c7
15972502,2022-11-15 02:38:23.000,29764,ETH-B,0xff7c5c4905d1768ced3bdbcffadc435a9d766e54
14097966,2022-01-29 02:25:03.000,27378,ETH-B,0x27a984ce07a7bcf8cbf182a30ce574e9c4042670
15410881,2022-08-25 19:24:22.000,29346,ETH-B,0xc9816ac8c2ebec05593a796d8f0e21dd0ff48f79
15420237,2022-08-27 07:21:30.000,29354,ETH-B,0xc2711ace46176c1dc3037572087e307a70144872
15441142,2022-08-30 15:29:27.000,29369,ETH-B,0x3d1d8bfd979e1c5764d2c3c79d2b230153c3a0f6
15289550,2022-08-06 15:36:09.000,29171,ETH-B,0xe7568ae0a8c3220a3ae7320b3b33e39f55c9cbfc
14956065,2022-06-13 12:49:25.000,28617,ETH-B,0xac75a64beacbf9f772958c2d78348851bd3ff527
14542338,2022-04-08 01:54:24.000,27962,ETH-B,0x1e7c59d026a33e44f5a14a8e997202cd30c7399c
15537366,2022-09-15 06:37:55.000,29453,ETH-B,0x90e221fe03cc5faedb1fd2e4c70beaeb9cec924a
16020665,2022-11-21 20:06:23.000,29822,ETH-B,0x2da5039e88c05aa9940284cc407db146a163deee
14116196,2022-01-31 21:53:39.000,27404,ETH-B,0xd59c0da28eb6c64f80a969d29e1d63fc18375dff
15441181,2022-08-30 15:38:03.000,29370,ETH-B,0xecb89807e3677e96ebf879aec83098b5e1e9ccc3
14091758,2022-01-28 03:23:52.000,27360,ETH-B,0x38c068f3241fde71e1604c319884b6f22a9f11bc
15535011,2022-09-14 20:57:46.000,29449,ETH-B,0x2b8646f3efa8e7fc16223b56bef5b5f4bd3240aa
14366269,2022-03-11 15:11:22.000,27719,ETH-B,0xb2c25ceaf64947dc6c0e5f587f197131d9fd6e63
15229485,2022-07-28 06:51:43.000,29101,ETH-B,0xbb64e8cf408906abacc140b982eb7976592ab831
15321427,2022-08-11 15:12:00.000,29225,ETH-B,0xd6391af29a60a19db86c14d8ae7fdd99f1fc7c3c
15367548,2022-08-18 22:07:46.000,29299,ETH-B,0xa90c2aded232588846374437a3946b1cf7aae268
15993383,2022-11-18 00:41:11.000,29788,ETH-B,0xdb613b4646f0d8f5d1f82da089e6c92bf23ae047
14760608,2022-05-12 10:42:21.000,28265,ETH-B,0x47348df2dec424e74fba5be3ae5071e449260d37
14556248,2022-04-10 06:09:08.000,27989,ETH-B,0xa8016dd2d416b76dda7443eb778d21dcc96f00dc
14985845,2022-06-18 16:01:13.000,28718,ETH-B,0x86cb8201506ab2a994466e5789c98ea70f30122f
14969887,2022-06-15 22:14:00.000,28683,ETH-B,0xf88a712fb175a44ba3895b67102270792ecb66c1
14747117,2022-05-10 06:43:56.000,28225,ETH-B,0xedbde9a9c41bacb7a389d68702362cbbd780aac1
14847722,2022-05-26 11:34:23.000,28434,ETH-B,0xe249d21cef3f03ca30c6efbdbde5ef67c73cabff
15158012,2022-07-17 04:19:04.000,29024,ETH-B,0x0b8641172e7c31e62f5c7b9e2b8c39d5af8841e7
14192904,2022-02-12 18:26:25.000,27508,ETH-B,0x73b6888d5cc3e0c2f189d1f890bbdad64f7c35e2
14788200,2022-05-16 19:54:11.000,28322,ETH-B,0xd21b150e8ad46a7a8868fca4acdad53aa5bbf568
14957346,2022-06-13 18:03:04.000,28623,ETH-B,0xae95216e9404ab82081ffc32e98068913c7f3a9c
14910329,2022-06-05 17:27:26.000,28525,ETH-B,0x8ceb2730b9342bc4a4fbc81900cdee932011db50
16242636,2022-12-22 20:28:47.000,29971,ETH-B,0x9f0cdcb32417997ca8c78218fb916b21f043c68f
14286938,2022-02-27 07:46:45.000,27628,ETH-B,0xe3fa383e8f8ef62c4bd390b2d06bcbfc80f82ddf
15533624,2022-09-14 15:14:11.000,29437,ETH-B,0x79ba40194e0c3e2513e40a239bf63585a8462b3b
14156073,2022-02-07 01:42:49.000,27447,ETH-B,0xaa1a1097454f3338d3364b380510004123f94866
14984634,2022-06-18 11:09:42.000,28713,ETH-B,0x58fc4255ff5335803a09ae8a0b83ae18e36bc734
14067958,2022-01-24 11:01:29.000,27321,ETH-B,0x4659291c6635b169468a3c474d15f535ffe02378
14800968,2022-05-18 20:46:22.000,28344,ETH-B,0xb7d8e9dd4e2948fd6350a71482c83ea97ad3dc83
15269375,2022-08-03 12:11:25.000,29147,ETH-B,0x64f935519ca15a88586fc8b0bf2eeee94dc44fab
16240495,2022-12-22 13:18:59.000,29968,ETH-B,0x026395f60b3671b1273bb540e3cee193aebafcc9
14740219,2022-05-09 04:06:34.000,28207,ETH-B,0xfdce092769707ff1d04e1ed892179fcda3c999a5
14957398,2022-06-13 18:13:52.000,28624,ETH-B,0x9c11ed42d061837a30908a0c5768be6e10509bc9
14969922,2022-06-15 22:25:25.000,28684,ETH-B,0xd8750c111948aeef42d7764a508609e258ec1adb
14873573,2022-05-30 16:21:12.000,28485,ETH-B,0x1e3bf2b4215fcf1dbdc1609bcc1d563e6337ca54
14954898,2022-06-13 08:02:41.000,28610,ETH-B,0xbb2a78d9dc2014f2bfed8af66dab30f5b9e051eb
14974499,2022-06-16 17:13:40.000,28692,ETH-B,0x2b2fb1c083abd4021ebcb05364136cff51684bcd
15259539,2022-08-01 23:12:01.000,29129,ETH-B,0x92fad10b466f152b587a46198927643dd4ca3998
15294150,2022-08-07 08:42:12.000,29176,ETH-B,0x0fc958ccc66e0520d2495a0c46a0661598fa01eb
14972860,2022-06-16 10:42:43.000,28690,ETH-B,0x5bf36e2884d132d0a2660f87ce12d517f1846ba7
11944016,2021-02-28 05:37:05.000,21497,ETH-B,0x174429ced41350672974fe24211dc28ba4d3e30b
11913228,2021-02-23 12:14:58.000,21348,ETH-B,0x8de952e01ac7d6341ff016ee76a97fc884880502
12366013,2021-05-04 05:57:27.000,23462,ETH-B,0xf7bb4b5e776219fad3eb3f2517a04dc0e4ee18cf
12465015,2021-05-19 13:11:27.000,23955,ETH-B,0xb5936ccc3f06511c050f240cd936d56e1d20fc72
12376784,2021-05-05 21:53:06.000,23538,ETH-B,0xf1935962db328e6458aff558e60a591819614dbe
12470186,2021-05-20 08:26:12.000,23997,ETH-B,0x053a8a860b6fc0d10a95dc40be632e761cac5f92
12378050,2021-05-06 02:26:55.000,23545,ETH-B,0xaea0b22aa13ce9febeaecc27a49ded26f1fb929c
12378498,2021-05-06 03:59:42.000,23547,ETH-B,0xb12b3aaeb035b3c6ea623675a2ec7c159f00fcf1
11944228,2021-02-28 06:25:54.000,21500,ETH-B,0x23c4a9a5ea48675d909ec4d2a2e220a059f081be
12366103,2021-05-04 06:15:29.000,23466,ETH-B,0x1a68d354545d8d2bfa4a6f7ff79bd43e2a0fa985
11953776,2021-03-01 17:55:16.000,21583,ETH-B,0xa187553f44ae2e7b5d39e40106f428b04062d40b
12465885,2021-05-19 16:21:08.000,23962,ETH-B,0xadb61d80e9fd984392e930c5d43f2c04f2013773
12390304,2021-05-08 00:02:41.000,23614,ETH-B,0x1afa9cee78634a6efe981c1589fff2dd57c535e6
12450613,2021-05-17 07:43:25.000,23865,ETH-B,0x26eafdbf2ce7b7396abd48de72cc69e71b9f7b8b
12048220,2021-03-16 07:08:53.000,22038,ETH-B,0xec2a49385f64926abc83f1f509fa324982398349
11590834,2021-01-04 22:53:46.000,18924,ETH-B,0xacc037a5bf0eaefb69182e92b64a10590237012a
11577646,2021-01-02 22:07:08.000,18809,ETH-B,0x4f3b9f9024160609d99764b4ddd66ff87e579dc9
11528518,2020-12-26 09:36:12.000,18424,ETH-B,0xf06c3b1cc53df9c829b321297d6a04dcf8c3efd2
11543902,2020-12-28 17:59:59.000,18539,ETH-B,0x2706ff83577a754e6cf1755b8147d75e400b314c
11852523,2021-02-14 03:59:43.000,20952,ETH-B,0x9cc31394e3dfd3a5bf22b3274fe8ed2e82a600f3
11584005,2021-01-03 21:34:41.000,18882,ETH-B,0x3448692a5833f5a1b7b7f7f4436b922690f3cda6
11705233,2021-01-22 12:15:46.000,20008,ETH-B,0x468a8bff7514af891c3744636b22603a1f3110ab
11573509,2021-01-02 07:03:28.000,18772,ETH-B,0xd0dca7ecaac355696f3416808f1b90f42cde24f2
11528575,2020-12-26 09:48:47.000,18425,ETH-B,0x4a77f758edf90d3c7a4794537ec11b64db1618a4
11638872,2021-01-12 07:43:04.000,19344,ETH-B,0xad4e9ed76778ed1276567c5096fadb45231049c0
11714693,2021-01-23 22:58:14.000,20084,ETH-B,0x912885666d4024a3a63194c678c5120c7ed0034c
11573545,2021-01-02 07:12:50.000,18774,ETH-B,0xb66f7cf0e38f9e46c920c0fe6c3046b76f45aa8c
11594609,2021-01-05 12:54:03.000,18957,ETH-B,0xcda07178a8563acc497fa2dcde7088db1ce8ab74
11533998,2020-12-27 05:45:41.000,18457,ETH-B,0x963348a45624eef5af57dcb6816bce02ef1700c7
11513038,2020-12-24 00:22:14.000,18351,ETH-B,0xfeafa61f5185db58c5958867cfd315504db44a3e
11496624,2020-12-21 11:58:45.000,18257,ETH-B,0x2f6cf91c1e4034ab39b1d1d49abacd82e4c4196a
11693404,2021-01-20 16:30:50.000,19911,ETH-B,0x8fb717c3b94115f108862f0261d898ec1079aca5
11616596,2021-01-08 21:46:36.000,19133,ETH-B,0xe98440c42b3a605515acdd8e750dc7123a2217c6
11637144,2021-01-12 01:27:17.000,19323,ETH-B,0xb7c5f390c3bdd0dd3d4cb9fb92bea74eab21f75d
11482073,2020-12-19 06:43:08.000,18165,ETH-B,0xe5655a4e6cb0c78b2e1abcdc1f658ad8a637fe1a
11649726,2021-01-13 23:24:59.000,19462,ETH-B,0xc1730df83f724c12e93c3fc7f1eba80cff2a55ff
11550869,2020-12-29 19:48:07.000,18584,ETH-B,0x937d9f320888afe9f1182135213e6bcee896da83
11620345,2021-01-09 11:41:12.000,19159,ETH-B,0x27f43b95123584734018f7a5928b3abe903c827e
11687678,2021-01-19 19:35:16.000,19850,ETH-B,0x8a844cee2d18cb1e8603946df448d2aadb3b2181
11750748,2021-01-29 12:13:38.000,20366,ETH-B,0xa8b9ce34bb8fa711b910d11d10e8a1413b6b9733
11705252,2021-01-22 12:19:53.000,20009,ETH-B,0xa01bc4aee53d4d82e735727fba7edf5726982b34
11714616,2021-01-23 22:42:18.000,20083,ETH-B,0x2f104ffd4181338c7109a489e23471cec0ed4169
11499197,2020-12-21 21:29:26.000,18285,ETH-B,0x94709ac87a898ce0688d98529c71998630f11907
11594359,2021-01-05 11:59:24.000,18952,ETH-B,0xdc9272e87add3cdca55d678d0ef75bcb7e62c7b8
11705276,2021-01-22 12:24:17.000,20011,ETH-B,0x12daa441aae2ee1fcb80cd53180721a7b7fd0e3e
11650479,2021-01-14 02:06:47.000,19473,ETH-B,0xce128a43e433ad9d53fa9a6eb0b51678e145ac2b
11594445,2021-01-05 12:19:27.000,18953,ETH-B,0xa634c5fbaba64c34e27646aa87e958c9b71001bf
11478389,2020-12-18 16:58:52.000,18143,ETH-B,0xc78ae2ce9849538662ae3b0385b14691f3347c83
11622825,2021-01-09 20:44:14.000,19195,ETH-B,0x7464cbd7c58818d3cc0c98c96e7b8a1f6fe75298
11521322,2020-12-25 07:06:40.000,18386,ETH-B,0x9ce9e5c28de25256c53310337007eaa59b902428
11680837,2021-01-18 18:23:40.000,19784,ETH-B,0x23718a4fc5b3d5c9f2f54c49aea7801250d5dae9
11532991,2020-12-27 01:54:04.000,18449,ETH-B,0x65b0d366457501e88dc4e6ab1e7c2a36f75e7d65
11613573,2021-01-08 10:37:14.000,19110,ETH-B,0x5549f25e84737a0efa039fbf7643464b4bc05ce6
11622864,2021-01-09 20:53:05.000,19197,ETH-B,0x92270f6f81411296a3fdf271ab1b2a4bae638d46
11718126,2021-01-24 11:45:36.000,20109,ETH-B,0x648fd67f274505d18019ae6fb6898abd1fbb4d0d
11459556,2020-12-15 19:24:15.000,18042,ETH-B,0x1ca52016ec6b9aa11c439dd99888e548f6f0baa8
11512626,2020-12-23 22:44:44.000,18349,ETH-B,0x97e6173a3e3eb8372ccd263c9126d932cf8ae380
11516867,2020-12-24 14:33:14.000,18366,ETH-B,0x6e8e8ec09a0af9e803c674f9e903ed646ae7f935
11588557,2021-01-04 14:39:51.000,18906,ETH-B,0x536b82b1bcffc0186e894a74e148644eae0553a1
11639646,2021-01-12 10:44:28.000,19350,ETH-B,0x250368c647f0917337085cb3491460a3a52c1dd1
11591644,2021-01-05 01:48:27.000,18928,ETH-B,0xa517f9543e4c75eaae11c94169b109de0e492e20
11603878,2021-01-06 22:54:35.000,19016,ETH-B,0x4da5e9b623db5ebb5602d5eb739c106e81e876ab
11643610,2021-01-13 01:11:33.000,19395,ETH-B,0xdfc9bbe59db5e4846cda7f563cce0efe65567992
11693395,2021-01-20 16:29:06.000,19910,ETH-B,0x3d96a45a804516044d047897278c311af70aef8b
11705285,2021-01-22 12:26:49.000,20012,ETH-B,0x8d86415bbda55d784bc0b52255a32230bfaa5878
11584044,2021-01-03 21:44:28.000,18883,ETH-B,0x501806d8b6bf98574fdfcbca732dd678fcbbd41e
11533503,2020-12-27 03:51:38.000,18454,ETH-B,0x5a2f5b5aae5519a9f343ace2843d543cedb7c901
11691883,2021-01-20 11:01:37.000,19901,ETH-B,0x9b58e4d6e1fbaf28503ce8669b103f68c99ee222
11738505,2021-01-27 14:56:40.000,20299,ETH-B,0x9705fa60655e4f7cd2438f62b05bbfdcde28c74f
11483782,2020-12-19 12:53:50.000,18179,ETH-B,0x0055d88f6a0fbc8c87b4d506f70005d58805574b
11703133,2021-01-22 04:22:34.000,19990,ETH-B,0xa1d73665898a7c696165be34afaa6e4db6167f77
11641444,2021-01-12 17:14:12.000,19369,ETH-B,0x4f3e150d6946040a697aed60e1d86456b2bad783
11640786,2021-01-12 14:58:58.000,19364,ETH-B,0x330ddd4640a8b25a1627169a33cbf32ddf2c3552
11766111,2021-01-31 20:58:18.000,20446,ETH-B,0x825105030af0414d9cfef9bfe7b9355dde90c157
11743920,2021-01-28 11:03:24.000,20327,ETH-B,0xdb947134cf77b8073ac260a52e682ae73a5289ef
11647235,2021-01-13 14:44:28.000,19435,ETH-B,0x238d169699bbb4cb91c9fe0f5c7d8632af39c3f4
11633261,2021-01-11 11:12:14.000,19284,ETH-B,0x743edb6e287487fb2071e054991dadc6232cb235
11652147,2021-01-14 08:28:02.000,19497,ETH-B,0x1e6a43ed64c623d8a8f8006dd38eed2cf97594ee
11594315,2021-01-05 11:48:08.000,18948,ETH-B,0x7f0a633f9db30e0b59bf815a338290cc41e9956b
11567573,2021-01-01 09:28:08.000,18706,ETH-B,0xf3c85e0171ad06d220529dacaab0816723690c22
11829582,2021-02-10 15:29:42.000,20823,ETH-B,0x2671acd4723316e9e7cbf93f4f4616d47b2697b1
11573797,2021-01-02 08:08:54.000,18775,ETH-B,0x1490820d52b1fece18d3b1d45d6e7e3030b0a128
11703225,2021-01-22 04:42:58.000,19991,ETH-B,0x9ff235b0425092c7c5a1c56bdc478cf14a9a2840
11576463,2021-01-02 17:55:33.000,18791,ETH-B,0x4001442547b6d24ba690fb1dc39d53e7b9d1866e
11718199,2021-01-24 12:04:15.000,20113,ETH-B,0xe3d6666770c16c6e32e3f71ef81c9cc4b86219df
11576439,2021-01-02 17:50:21.000,18789,ETH-B,0xd8115531d376a6644321de68ee15c3bf313328e4
11460034,2020-12-15 21:13:00.000,18044,ETH-B,0xbf3c022534887281ad26083baefafe5215321bdb
11474630,2020-12-18 03:08:17.000,18116,ETH-B,0xd90272abe6f817325e1cae73b2d2616ddf9556af
11581770,2021-01-03 13:24:43.000,18863,ETH-B,0x8dd1d91e0c2c665f7582c1fa8d60f674206b34e3
11778090,2021-02-02 17:11:55.000,20523,ETH-B,0xaa4f11a09508490abcf618779c0f5327ee66abd8
11571229,2021-01-01 22:46:42.000,18745,ETH-B,0xb2dc501751e0eeb6286ecbd68cfbf4edc89622db
11571465,2021-01-01 23:38:18.000,18748,ETH-B,0x0b11dc54c71bc44bdf1bb6fa7c15fa973a469a79
11690469,2021-01-20 05:50:06.000,19890,ETH-B,0xd71d6a269268f2dc7a02ac552113008685058a67
11544423,2020-12-28 19:45:17.000,18545,ETH-B,0xe2aa48d23fa2bc620c402df0b7e58fe8870fcc37
14259345,2022-02-23 01:19:46.000,27593,ETH-B,0x822316383224868d295cf30d8f13dd2652d1ab02
15548286,2022-09-16 19:34:47.000,29468,ETH-B,0x9cd1ab5784f8f49b456783844b23216afffee4f6
15671022,2022-10-03 23:51:47.000,29570,ETH-B,0x64c3540fd910617d1c41dd65860ecf6eef02c02b
14989565,2022-06-19 07:24:48.000,28729,ETH-B,0x97da938d8ce73101c1c52281df651a31c5306621
15441099,2022-08-30 15:18:10.000,29367,ETH-B,0xd42466582e1c1e05d7ab40693fd2196c7ffea780
14815424,2022-05-21 05:19:13.000,28383,ETH-B,0x2171a7bfb36187353ffe34fd35d6643f19e94d39
14064870,2022-01-23 23:29:41.000,27320,ETH-B,0x64a0be875f67ec4004234d9b1014003a6cd499f0
15563167,2022-09-18 21:40:23.000,29491,ETH-B,0x3e36ff5146bbd79782fd0f60591e0e38f86f8377
14224193,2022-02-17 14:30:10.000,27555,ETH-B,0xaf278711f2975e483e4961f88f5a05e4816d6296
15361622,2022-08-17 23:38:02.000,29289,ETH-B,0xae62b7fc5a557fb9aefb0160292d8235269ace70
14891371,2022-06-02 13:55:51.000,28503,ETH-B,0xbf811cdb3cce2f5d09249a39bcd9d2f8e9cbf03d
14760850,2022-05-12 11:33:43.000,28266,ETH-B,0xebb070c06dbafecb9ff15d3f1734a271c580a171
15619350,2022-09-26 18:32:35.000,29539,ETH-B,0xa22ac60bf061db4a7a7595eeb927d555d86c808c
14048863,2022-01-21 12:19:05.000,27278,ETH-B,0xbbec7a6409e2d867fe01ead949e833f07b42624e
14948684,2022-06-12 06:18:55.000,28592,ETH-B,0xcbe79bace2380c3fc4c8ce4f5f20e1c7f7fdff6a
15308732,2022-08-09 15:14:52.000,29200,ETH-B,0x861d93a4cd0404bb47faa805a912550668b32168
15522909,2022-09-12 20:36:34.000,29423,ETH-B,0x837f0a62da7e7b0217cf35b3f1edd1783fc3e90e
15566753,2022-09-19 09:44:47.000,29496,ETH-B,0x3b795fbef5c4331c66b449d3b42319e4bbfb55ff
16141961,2022-12-08 19:04:35.000,29930,ETH-B,0x156fce12d15ea87fdf2664af095afdfe4d7c56a9
14760341,2022-05-12 09:36:08.000,28264,ETH-B,0xad9e4054c1c7bc1f5292486cd75cee6d9f9bc7a3
14756994,2022-05-11 20:31:05.000,28247,ETH-B,0xcf059e099a889f51db28170a4f2d4441abef7d6a
14959199,2022-06-14 01:41:15.000,28632,ETH-B,0xbcca95fd05e39bbec4c66b8f6618d1c5efd391cc
15945650,2022-11-11 08:41:23.000,29734,ETH-B,0x1834ad451a3a99f4eb15327fa765a59815d98000
14461461,2022-03-26 11:04:10.000,27842,ETH-B,0xd57e1386256f985e5c676eb95b7ce35afaca02a3
14982694,2022-06-18 02:57:27.000,28705,ETH-B,0x3eb839974313ca75c9e9d6b4cf9dc15ba373f5d9
15364331,2022-08-18 09:54:30.000,29292,ETH-B,0x2555c64d3b0156c10ecfeb3df4dee7306e00953a
16031192,2022-11-23 07:25:47.000,29853,ETH-B,0x6e11771dad20c59a6cc553190a2f036980803475
14614904,2022-04-19 10:04:25.000,28080,ETH-B,0x1d86d10e56de70cf5fc4d7da519243a900db87ce
14057363,2022-01-22 19:47:18.000,27304,ETH-B,0x31f9c3404f5aab06ad68b778951498719e22e399
14745521,2022-05-10 00:37:14.000,28221,ETH-B,0xca6ed717f4615653b41f30be58a7706ba8322b83
14052394,2022-01-22 01:32:31.000,27292,ETH-B,0x1889dda4bf4b288fb76f352df1cb939f232b09d2
16184075,2022-12-14 16:17:47.000,29952,ETH-B,0x13fdf46d68117aa2ca4087f4f2960a8518bbb173
14456106,2022-03-25 14:56:19.000,27829,ETH-B,0x4e355f82a77bf72ba9ee6bc57f02e00b61388877
14424365,2022-03-20 16:39:03.000,27792,ETH-B,0x03ecf3fae9e64ad42ff45e616abf64b7c734891a
15930055,2022-11-09 04:21:35.000,29713,ETH-B,0x797fa7038fa5b7e78a9198330b146783570dfaf4
14269004,2022-02-24 13:11:18.000,27607,ETH-B,0x72ea80675c10c9d7fa3862d4d47f3d13c9d1236c
14444356,2022-03-23 19:08:50.000,27814,ETH-B,0x2ac2890837c827134cd2f36b844dbd33bc25e297
15685449,2022-10-06 00:21:23.000,29589,ETH-B,0xfb59690f49a04ce142faf2e1e6befa956b690c39
14947778,2022-06-12 02:50:48.000,28588,ETH-B,0x39c7a1d270d7f5b48e0cbe58fa9c0d78f30ac20f
15919383,2022-11-07 16:36:47.000,29702,ETH-B,0xf499dad86e620e94d608661f01e9140cfc6c7072
14201000,2022-02-14 00:23:13.000,27517,ETH-B,0x684f04637acaba8aa79f30e8c516eed29776697f
14962021,2022-06-14 13:38:40.000,28646,ETH-B,0x8903ba8d4f20bd2deec78ca89c7a8c3848e550b1
15324215,2022-08-12 01:47:23.000,29231,ETH-B,0x2671706d44b27bb539c0541730e603ae6e0483cd
14804653,2022-05-19 11:21:00.000,28356,ETH-B,0x8e3ff1e7f7e9ee63d2ffc17c3c2685f9247a1167
14782886,2022-05-15 23:36:04.000,28312,ETH-B,0xb749b838d06c556e5639e792ba726b967afd79d6
14565407,2022-04-11 16:17:41.000,28006,ETH-B,0x65c3b772cc5151d065b6d1a5ef6da9ea285a3a53
14765178,2022-05-13 04:10:42.000,28278,ETH-B,0xd4215a11c0a49adfe68ed09ad34110e3669be9ff
15223385,2022-07-27 08:17:12.000,29092,ETH-B,0xa78f23c77194b581a133a77db663f3d5fa4b13a7
14248107,2022-02-21 07:34:16.000,27577,ETH-B,0x644d920972dd5ef392bf0b9c4140326e23138865
13929672,2022-01-03 01:45:03.000,27127,ETH-B,0xa3bdc7ba3e58918815c87641143bfec7a0c1a15e
15231843,2022-07-28 15:38:32.000,29102,ETH-B,0x1c8d2892fa77350f2fbacea98e3402c0b30e795b
14479295,2022-03-29 05:46:10.000,27867,ETH-B,0x784625e0bff70361e8851f602ee303bf89118a14
15554745,2022-09-17 17:19:23.000,29483,ETH-B,0xb7892538515d4d7c044de864a973caf127a3e9be
16177071,2022-12-13 16:49:35.000,29946,ETH-B,0xf9ded888b8c25e9aae0081c0ea665a938dd505c9
15368924,2022-08-19 03:14:31.000,29300,ETH-B,0x91eec3734cb00d6362f2919447e80da1496ad787
14814481,2022-05-21 01:38:18.000,28380,ETH-B,0x73ef42a227465039f5fe3443abaac2a0e53b9036
15339778,2022-08-14 12:35:49.000,29251,ETH-B,0xbde152c1afc296e15b603022a900ce2cd7216c9a
13869682,2021-12-24 19:09:46.000,27037,ETH-B,0xc1726e292cd46b663cbcafea82de217cfe921e16
14856322,2022-05-27 20:57:26.000,28454,ETH-B,0x43e169b86aa7b1cb19dab392a8e5d7904be65918
14762983,2022-05-12 19:48:37.000,28273,ETH-B,0x6b4bc5aba12f5368e9ddc700591e281dba8ab188
15664828,2022-10-03 03:05:11.000,29568,ETH-B,0x9455171606710d2824816ea4140752feee8cd75b
15092562,2022-07-07 01:46:01.000,28933,ETH-B,0x94dbdaae88dbf31d87367e34eefc726e03dcc553
14757354,2022-05-11 21:55:49.000,28248,ETH-B,0x770d85dbcff50f03fb2d88681470d26e4e38b48d
14814151,2022-05-21 00:20:10.000,28379,ETH-B,0x716afe478e22bfa306783d1f0b4f06dbaab1f578
14962211,2022-06-14 14:27:04.000,28647,ETH-B,0xc02a1fec2c7e7b9ba4df1c0e5e8fa6aa63668c92
15094725,2022-07-07 09:41:48.000,28937,ETH-B,0x0c00e064bf5fb40327b6fa44f6767c792de45af3
14861076,2022-05-28 15:31:24.000,28464,ETH-B,0x6e13c96da37461a61f7d7f5982b4ad5dc7b3e9b0
15126182,2022-07-12 06:11:36.000,28977,ETH-B,0x6270c30e896ea9aa18e5ca9f27406f3924f28ce1
14768534,2022-05-13 16:49:21.000,28287,ETH-B,0x63b815a799e80303d049bc58ccc15ecd01c92f57
14985227,2022-06-18 13:29:25.000,28715,ETH-B,0xa2f70d7f176c3102336e248d17e0cbc80e2ac486
14742675,2022-05-09 13:26:17.000,28213,ETH-B,0xe389f1176c5136000a0c505285959ccc76b17337
16239427,2022-12-22 09:44:23.000,29967,ETH-B,0xa0bdf488bd8826c9f2f872b3a3bba6e7ee1b7b0a
15324598,2022-08-12 03:08:35.000,29232,ETH-B,0x801ecde611251417fc325169b7a0be0bbda59d10
14758357,2022-05-12 01:47:05.000,28256,ETH-B,0x26d2cb08ca332670491cfc9fb91e1283f87dd56c
15550745,2022-09-17 03:51:35.000,29476,ETH-B,0xd9e9242a35f35c660edb9e92a16e07a4765b5ad8
14402970,2022-03-17 08:32:07.000,27758,ETH-B,0x4bca44b45fdbdd1ed900e8c0d0f4f67e72108516
14950584,2022-06-12 14:13:26.000,28599,ETH-B,0xa3812b5b8a5dd91a60969ac8e3925881642c8b95
14172780,2022-02-09 15:46:37.000,27481,ETH-B,0xbd1115df0c9fe3614b63f8d9dd0ee8037d98c9ad
15220720,2022-07-26 22:13:24.000,29089,ETH-B,0xe597fba10dd804f66d514129d81d00a4fa264fba
11611144,2021-01-08 01:54:26.000,19092,ETH-B,0x02d1be02f61eb85935dc2c31eca04da38916a67b
11681221,2021-01-18 19:54:06.000,19789,ETH-B,0x9c899e90244217c4ad9d0451323e17afaa312006
11683524,2021-01-19 04:21:25.000,19808,ETH-B,0xa9fc1615d12b30fba971aaecb9248724835fbd40
11613562,2021-01-08 10:35:20.000,19109,ETH-B,0x0812124f8ebad281acab2a4e955e12255e4d91da
11703357,2021-01-22 05:08:14.000,19994,ETH-B,0x18730555fcfa27594fb0bc93421d011419bca7da
11647245,2021-01-13 14:47:06.000,19436,ETH-B,0xfbe45562345edc938776af6dcc40848036898672
11507836,2020-12-23 05:14:36.000,18335,ETH-B,0x3085957e7197910c7147e86fbd7ce7b6e6fa0317
11538607,2020-12-27 22:37:52.000,18490,ETH-B,0x11bb759cccd26ef5999345dd57303808c182f452
11635540,2021-01-11 19:30:44.000,19307,ETH-B,0x3329d07a4d3237b272bc48ec3076c2323f25f229
11613583,2021-01-08 10:39:02.000,19111,ETH-B,0x1a615a4fb7aa279eb07e990b8f95004309643e8d
11698178,2021-01-21 10:16:07.000,19955,ETH-B,0xb50a941db04be34de51e0998af79911473509e60
11700841,2021-01-21 20:02:09.000,19974,ETH-B,0x9436a8e71cfb9d40933529cf2f8c874b7cd885b3
11705263,2021-01-22 12:21:53.000,20010,ETH-B,0x1a5fdd0cb68076b6419cd56eb94c25bebdce85bc
11495621,2020-12-21 08:27:37.000,18252,ETH-B,0xb907550a4016bdda1f5ec97f1e248ed92ed0c7a7
11668364,2021-01-16 20:20:45.000,19655,ETH-B,0x23d18f34cf1017ccddee9ad8bcf122af4bcac883
11667873,2021-01-16 18:31:24.000,19651,ETH-B,0xd19bd370857dfad1bd571f22105158a68db48ae8
11500990,2020-12-22 04:06:34.000,18297,ETH-B,0x017dcb1d2054b9bde732f7b8c9856d3234b2dbb5
11540487,2020-12-28 05:31:23.000,18514,ETH-B,0x6f80357cd45d52fdc1be99393558979f3498a6f3
11833019,2021-02-11 04:04:43.000,20849,ETH-B,0x63e4a0a619d6d1387eac491059a4f47f9e326392
11454929,2020-12-15 02:33:27.000,18029,ETH-B,0x12ba2f0bbc93616811d5191f6eb3669516ecc257
11554221,2020-12-30 08:09:56.000,18613,ETH-B,0x9652f51e91b1674eb0ef5be17c80e002404f2e4d
11692106,2021-01-20 11:49:43.000,19903,ETH-B,0x5e28c50bad43c007b98379dfe27f4cdc3f074b19
11566973,2021-01-01 07:04:06.000,18702,ETH-B,0x2120d1945422805b82b18235c83a7fcec94eec9e
11470345,2020-12-17 11:25:03.000,18098,ETH-B,0x1a8e882dfa7d4675226a71b94fc9bd5184665009
11486207,2020-12-19 21:48:06.000,18200,ETH-B,0x734d45639b28d8919debc3473fa57bc7f2d47844
11482641,2020-12-19 08:49:24.000,18171,ETH-B,0xaeaa38e6d24b0a743eb02740e0f4856108aaa927
11546864,2020-12-29 04:56:07.000,18557,ETH-B,0x38358b2aae96d3eba2b0b9e360919363e7286235
11571779,2021-01-02 00:46:43.000,18752,ETH-B,0x146ae0ecc208b57c5d2821231cfad9031ff65f44
11494269,2020-12-21 03:29:11.000,18247,ETH-B,0xc8d4c158cfea6f7744fd26a6f236f3360c2a149a
11802618,2021-02-06 11:58:02.000,20659,ETH-B,0x3bbfc6ef027bce66bd5b115e542418a67fb7c438
11714761,2021-01-23 23:12:33.000,20085,ETH-B,0xb658e7ce1c424622db299624f0f11b0c1cf3708e
11585429,2021-01-04 02:58:54.000,18890,ETH-B,0x60779ebe85fc2765a062c79a6f4d68727be1e1d4
11622786,2021-01-09 20:38:05.000,19193,ETH-B,0x783380dac29101664f18058a3b42a4b58a4f15ab
11578065,2021-01-02 23:39:46.000,18813,ETH-B,0xb4c1629909651ea4a7acefa5bc40abea4150d02e
11527110,2020-12-26 04:31:33.000,18417,ETH-B,0x205c4d3844bb64123938622f7f73e10a7b27cbc6
11594341,2021-01-05 11:55:00.000,18950,ETH-B,0x866698f02c8dbec274a34b0ac0790cf111e673b1
11733887,2021-01-26 21:46:19.000,20268,ETH-B,0x6e9dbe2b08bd9fdf8b7599529331848eeb0e48dd
11641463,2021-01-12 17:18:32.000,19371,ETH-B,0xc0629224aa69de11d9db22f7328a5df010eaab33
11551646,2020-12-29 22:43:33.000,18592,ETH-B,0x637822b16c9a6adbf23df72b324cfadbd7442634
11556976,2020-12-30 18:16:34.000,18630,ETH-B,0x2db184d559b581bcfeb67470dd7aff23bc81a30b
11623701,2021-01-10 00:04:14.000,19210,ETH-B,0xab070cad5ee5d2cec64e8479b2fd2d8b645fd951
11588122,2021-01-04 13:01:35.000,18904,ETH-B,0xf20398602b5e349b366b3f2ba35f7d1564d0407c
11842042,2021-02-12 13:22:04.000,20906,ETH-B,0xc432c4d7ff134b0033199e7e080612e9b5df2994
11780879,2021-02-03 03:32:48.000,20541,ETH-B,0x1915884f7b1fd01faec89e2fdc419b9db586f72a
11718396,2021-01-24 12:45:23.000,20116,ETH-B,0x86f7a837e75a9dd287610a9e5f38ee2855551d0e
11636249,2021-01-11 22:03:51.000,19313,ETH-B,0x08960d369552d79f15e1f1803ca6ad3fb647ee6f
11590037,2021-01-04 20:02:26.000,18917,ETH-B,0x60b8beba979f79605f00d299767f7e9ee4c01b10
11489491,2020-12-20 09:44:28.000,18217,ETH-B,0x3b9d67f8b6796e6d42d22ea889d846d6e7442007
11661025,2021-01-15 17:12:47.000,19585,ETH-B,0x9e639b1e786c47ba7725694dfb1c150a20dd8532
11706401,2021-01-22 16:35:42.000,20022,ETH-B,0xb1f293f65b9c1f4bffa69c2871923a23d15f075c
11736232,2021-01-27 06:35:48.000,20290,ETH-B,0xdf4851f6387a474a7f88461257bcf9d9eb5b3ea6
11594351,2021-01-05 11:57:26.000,18951,ETH-B,0xeca716ec1b9b4dfce8ffb0d0a3fb2122617af240
11475653,2020-12-18 06:54:08.000,18125,ETH-B,0xaa33c32e3643fa7a2099d72c9d889d02c63b81ca
11465253,2020-12-16 16:37:59.000,18060,ETH-B,0xa59f259d74814187508a566f853007eaf83a6e4b
11557975,2020-12-30 21:53:30.000,18642,ETH-B,0x269874a0b4603375bb0595d1fc78c0cae154ca02
11577816,2021-01-02 22:49:15.000,18810,ETH-B,0x19ac689b97636b8d713e89ec0a2cfaec2e548f9c
11541807,2020-12-28 10:10:58.000,18528,ETH-B,0xc749c34a2c409c120fed7c0e5c27ddd499735d07
11654418,2021-01-14 16:57:20.000,19518,ETH-B,0xc217e2cfd38f3c950f481b826305931139341fc5
11613606,2021-01-08 10:43:41.000,19112,ETH-B,0xc5cdbe03f8e0ff5387e96da6dd8b873de192dee6
11567718,2021-01-01 10:03:01.000,18710,ETH-B,0x9d6e970de4219a172e70fe8b1a3cebfab0d3736e
11573529,2021-01-02 07:08:06.000,18773,ETH-B,0xadf7a58d541bb523aed9b0b9e81ec45075c5eda2
11548385,2020-12-29 10:30:25.000,18570,ETH-B,0x93df59e2970bf54fb75d2c92bc5b86e1246d0b7f
11718208,2021-01-24 12:06:43.000,20114,ETH-B,0x26f386d11dfcc7facb0089d19cbb4f893cd90e01
11476448,2020-12-18 09:45:32.000,18132,ETH-B,0xaeeff32d90c3113a650cb0c6bf7781f7642b97b9
11468004,2020-12-17 02:41:44.000,18083,ETH-B,0x0a1620b4fd9393e4bab838ad0e1d092f7dadf67b
11637910,2021-01-12 04:12:31.000,19334,ETH-B,0xcbd4119008a745e4199eb3385170207349ff451c
11688295,2021-01-19 21:50:29.000,19860,ETH-B,0xf313480992a6fe21fd09276f8bdf9a79c0269cfa
11634797,2021-01-11 16:50:23.000,19296,ETH-B,0xcec6f356665434d49e8eae99496b45be3a041833
11724252,2021-01-25 10:17:42.000,20184,ETH-B,0xe9b60c22492a243343e4bb8b1730f09b841e68ee
11540368,2020-12-28 05:04:16.000,18513,ETH-B,0x0484fde041ea7e3a4ca816c05236e03a591b9cc2
11687749,2021-01-19 19:51:31.000,19851,ETH-B,0x2127bfc0b8d4e80c1d0317816a510d2a8fe4fa6b
11622903,2021-01-09 21:00:26.000,19200,ETH-B,0x89a7b54f046fdb0d94cc53c55b951d21ff0648cc
11741989,2021-01-28 03:45:29.000,20318,ETH-B,0x66641bfff33e80d9cf39b36c7c68146de54eaaac
11648805,2021-01-13 20:15:52.000,19447,ETH-B,0x8b13cee9087a6ffd1988efae6f3f72ed78911831
11567042,2021-01-01 07:19:51.000,18703,ETH-B,0x0397210ccf24c44d4ebf9cdc60b16bd7c150020d
11688630,2021-01-19 23:01:53.000,19865,ETH-B,0x9f53dc74ee22701aa21d8ec910ef3e6cb1d1e398
11558220,2020-12-30 22:49:56.000,18643,ETH-B,0xbdb402a2b67fc523607debf990dcfb7a52174c14
11588041,2021-01-04 12:42:45.000,18902,ETH-B,0x1901ef107952b8ef13c5e35f1d342e4fd4d4f0ef
11638215,2021-01-12 05:27:54.000,19338,ETH-B,0x70cec0f423402f0c43e9c1bda7a03bc0ea40c252
11391187,2020-12-05 07:06:28.000,17719,ETH-B,0x5761d2a792d9affdc6ad960f76846a97ce9bfc95
11280586,2020-11-18 07:30:56.000,16993,ETH-B,0xfff1191ae9659e56d0acfaef6fd572e5860a8e41
11376844,2020-12-03 02:14:22.000,17666,ETH-B,0x62ce23392642823487a2f1d8797128ec8938ed75
11097215,2020-10-21 04:01:42.000,16005,ETH-B,0x8a6acb10858bbb286ca29df52d875600b9d0de90
11314238,2020-11-23 11:30:54.000,17243,ETH-B,0xf156e2cb9979a9f86ebe0799b8aa25b489e39647
11338019,2020-11-27 03:09:11.000,17453,ETH-B,0xb6520d7a78080c9d35169a5e8fb4476f69d3d81f
11368258,2020-12-01 18:30:45.000,17624,ETH-B,0xbe6cb3da49dec0d781db49a30093839f4574cdf6
11366049,2020-12-01 10:22:12.000,17618,ETH-B,0x7fac3f302ff155a9ea4e23c9b8ef2421dfd12a37
11170076,2020-11-01 08:32:10.000,16398,ETH-B,0x7c21252d0cc9008da4d19c9acc38a3c692f9f4c9
11299878,2020-11-21 06:37:44.000,17123,ETH-B,0x7bea226a40be98699c36d5744f86ee3db640ee33
11152474,2020-10-29 15:28:08.000,16317,ETH-B,0x1edd4603b9d0955b666cc36be234578c5764bff8
11230633,2020-11-10 15:40:19.000,16735,ETH-B,0x79f98a3f67096492db7288d8cdecb2721e08040f
11285331,2020-11-19 01:06:59.000,17021,ETH-B,0x4948bedc2e869210c0a0ba19b99b2a950aaf6c4d
11288032,2020-11-19 11:03:22.000,17038,ETH-B,0x238d90b6013c39ab64108d54ff48a0ff41ff7af6
11117766,2020-10-24 07:42:00.000,16123,ETH-B,0x346d55fb663b975eb90b844d62ea524de80457f4
11204166,2020-11-06 13:51:49.000,16584,ETH-B,0x45e595f6bbcab6d5e7c664cf7d58600350e4ee3e
11339740,2020-11-27 09:20:46.000,17465,ETH-B,0x36275d5d60acaf933fe2bafcbaaddf8e4f119f7d
11432251,2020-12-11 14:47:53.000,17913,ETH-B,0xc3afdac6270d7f5316f3a792f1ec75c888cc10c9
11258868,2020-11-14 23:29:00.000,16880,ETH-B,0xd269bf56f6f571430b93df0af5342bb839131467
11238114,2020-11-11 19:04:35.000,16766,ETH-B,0xce2b4b170dae864c5f0fd2b7fad3ca17c137ca3b
11394856,2020-12-05 20:34:53.000,17743,ETH-B,0x140bb673a0dabc71853421de47735ca9a6ffb9fd
11306845,2020-11-22 08:09:00.000,17185,ETH-B,0xd483015ddbc813b081d613495a515d74357e1503
11303268,2020-11-21 19:05:59.000,17143,ETH-B,0x426c2bb86b0e9f5fc5acf599eb37e5cf80c49ea8
11308476,2020-11-22 14:12:33.000,17205,ETH-B,0xb104d3efcffef975d8d25132941f6079eee8e016
11204023,2020-11-06 13:18:46.000,16582,ETH-B,0x6be619bd8a39351e07ba98df3649c6d43574b920
11362642,2020-11-30 21:40:58.000,17594,ETH-B,0xd37090eeb83e2f35a98b93be498517a34bd341cd
11288683,2020-11-19 13:25:47.000,17042,ETH-B,0x940a819938ec2206285039e2eb3308f89f777ca8
11333360,2020-11-26 10:10:56.000,17408,ETH-B,0xa1df0e680b552fa17ab551d492a7852485a06c71
11291071,2020-11-19 21:58:42.000,17065,ETH-B,0x1429f5aa988b4080fde86d39c440bbb0ac1a25f6
11401628,2020-12-06 21:33:22.000,17782,ETH-B,0xf7d05c003ddc2fc3d07ecdb472698fc3bf6f4f5d
11296115,2020-11-20 16:39:24.000,17091,ETH-B,0xca52f7af0845fd5e9b6ac547b32a7d4f9e06e4d2
11266576,2020-11-16 03:46:00.000,16920,ETH-B,0x24c459f44d7c9355e69cab026d49e40e637a4671
11270131,2020-11-16 17:02:24.000,16939,ETH-B,0x8ccf06b5bc250b2aa42524a2756dbed6f14caef6
11405592,2020-12-07 12:09:32.000,17798,ETH-B,0xefd74968e071757972faa92169118ece452b05f1
11153058,2020-10-29 17:31:06.000,16319,ETH-B,0x0255a3d0852181679897a191cf5f996643ac50a8
11314423,2020-11-23 12:11:40.000,17246,ETH-B,0x99ed27b34c70681d992537f2fe7d370a7c8874ec
11314230,2020-11-23 11:29:20.000,17242,ETH-B,0xd1fa25cf8405fa6d1555c3bf887c41035ff5a4ac
11379505,2020-12-03 12:02:16.000,17675,ETH-B,0xdf3eab8ffae2607a8200dfeedfa2fbee97ea03cb
11294694,2020-11-20 11:25:13.000,17080,ETH-B,0x30150815f8a693a9bbb64204bf27a0781ffb938c
11204134,2020-11-06 13:43:48.000,16583,ETH-B,0x0f8e04c6a4c09ef4311fe355d3507b1c8b776b85
11302749,2020-11-21 17:14:51.000,17139,ETH-B,0x8b3b6280d5f555b994e534986cf680afd6da8518
11352254,2020-11-29 07:24:31.000,17524,ETH-B,0xd768ae44bcac5767c4e2d27a0237cf8f4b99c46f
11316142,2020-11-23 18:41:38.000,17253,ETH-B,0x6a62803b88088e848e0bd5b9fd727ca6f00af77f
12363310,2021-05-03 20:07:32.000,23437,ETH-B,0xef03590f5652cdea4e3b811434e4d64f6ed3ca65
12463777,2021-05-19 08:40:22.000,23944,ETH-B,0xade83b886645a8119980da43ded208fac91d70b5
12466054,2021-05-19 16:58:51.000,23964,ETH-B,0xf9bc0886fb9b2d8fbc9a3aa2492c0153f5eb0626
12234303,2021-04-13 21:56:25.000,22810,ETH-B,0x9d1a611f39796903da9ad332c2d02a93c1fd6cae
11961001,2021-03-02 20:27:26.000,21633,ETH-B,0xeff4fa5da83a3aaff826fb7ee0b85aba1c30c0fa
12469133,2021-05-20 04:39:30.000,23989,ETH-B,0xd04b846984433556806b4c4f57455c96d3c8344e
12459754,2021-05-18 17:35:43.000,23919,ETH-B,0x152e9cc2cb3bda2ee3f61bf0e0b1317688bc3a4a
12054946,2021-03-17 07:56:31.000,22058,ETH-B,0x858459e2d5bb38adb8a4bf464e27eb9dc1bac0b7
12339007,2021-04-30 01:55:46.000,23289,ETH-B,0xe75e3b3b48cb8351ab0d7fd255799f4c3d6f05a8
11946422,2021-02-28 14:39:01.000,21516,ETH-B,0x6ee33795bc8581e42f9fefc971d1f033d0bae20b
12383541,2021-05-06 22:45:26.000,23570,ETH-B,0xec57db6171b2927ae70b98b1cdb86742067263c4
12371213,2021-05-05 01:20:11.000,23496,ETH-B,0x8d70a4b5eabe5238057aba6f002379abf736e0ee
11943958,2021-02-28 05:24:37.000,21496,ETH-B,0x369223674ac5c8174a7b240a31efc96b37b61c8e
12154922,2021-04-01 17:24:07.000,22394,ETH-B,0x42ed41aedfea0b398945a74304f4668895f76f05
13642923,2021-11-19 01:56:21.000,26610,ETH-B,0x499edb6e455d2977a957ce13f54cdd70b47e8cac
12502738,2021-05-25 09:38:56.000,24206,ETH-B,0x8f7f5223c1330079dd12aee3bfe939489412c8b1
12684628,2021-06-22 14:48:45.000,24755,ETH-B,0xf353541766d8420198f72e0eada7fd6e6a3697e9
12642414,2021-06-16 00:47:47.000,24635,ETH-B,0x0c896fbde4592e583ca9c211605f01663069da23
13632541,2021-11-17 11:00:08.000,26568,ETH-B,0xf945a814ef299dfbc2fe1b4a305c83ca9ba8659d
12864055,2021-07-20 14:53:29.000,25064,ETH-B,0xd4718a435bfba314ab99797e0b75f388fb3aef8f
12711673,2021-06-26 20:07:42.000,24820,ETH-B,0x8fd3b6f0923837060cde2a21f572f31a6bceba8f
13062689,2021-08-20 14:35:46.000,25372,ETH-B,0xf02c239c4b9c9d067dd57dc19f27cf5aaa3f628a
12691413,2021-06-23 16:18:12.000,24779,ETH-B,0x04b76d26a376b39664196e569b1a3e90c99dc1f8
13764853,2021-12-08 12:41:05.000,26877,ETH-B,0xfbdf45d498c406118a3e76ef38d96c67f1f41cf7
13347593,2021-10-03 17:29:46.000,25932,ETH-B,0x523031543678d75180b55ec9dc4d00d1acaae572
12514821,2021-05-27 06:29:18.000,24266,ETH-B,0xb63c71121ab6d404575ed6ebdfdde13bd6113f82
13487643,2021-10-25 16:22:35.000,26238,ETH-B,0x0cf379868505779c1789175afa47b8e748cb2995
13282054,2021-09-23 12:40:55.000,25808,ETH-B,0xb0b853d921961d932ef59a07229af3c523ee65d2
12584605,2021-06-07 01:51:24.000,24463,ETH-B,0xc8cf7b53273c8217ee37a959c92482e71ca72dcc
13740605,2021-12-04 15:36:33.000,26830,ETH-B,0x962857bb5087d9e4bda0c694b16254d98756be18
12617624,2021-06-12 04:37:16.000,24543,ETH-B,0x3793c88fb8f2e0f55121d04ca6a2fe5521687e48
13150154,2021-09-03 02:48:54.000,25514,ETH-B,0xcc909b4c446f7635c96c7e31cf0d130c7fd4e275
12690750,2021-06-23 13:54:22.000,24776,ETH-B,0xba4dd8d528ab87ba8acfa8fb783e06744d64e624
12482387,2021-05-22 05:57:22.000,24075,ETH-B,0x0ae2f265291f0a979305c75fd5c81e4af9140348
13455621,2021-10-20 16:16:19.000,26157,ETH-B,0xe53efc08c5469caf2b98597e07944e32dfa27f0a
13533017,2021-11-01 19:27:22.000,26327,ETH-B,0x9843762b57eb88d1ba73a64e7fbc179317b7df69
13667874,2021-11-23 01:11:36.000,26672,ETH-B,0xc826c1de8c1b209fddd8bce19605e907216acff1
12671146,2021-06-20 12:11:38.000,24714,ETH-B,0xb5adf49255f790489d924f3501029af0f00ec962
12500268,2021-05-25 00:17:53.000,24189,ETH-B,0x2131d36c289e25fe589af17eca551e806bb53dc8
12592457,2021-06-08 07:10:32.000,24478,ETH-B,0x9231ae9184714c4db4093a7f40bfcf63f0fc02a3
12498123,2021-05-24 16:32:28.000,24170,ETH-B,0x05bdd79ace4993a1b35e57c5e7d17ff01e6a0a5d
12624870,2021-06-13 07:53:21.000,24560,ETH-B,0x2d6b09c5910cce682ae4568d71460ce8ca5492ba
13368235,2021-10-06 23:01:46.000,25973,ETH-B,0x8ece10c6286f4379580695cf5606644fe088d0cc
12478772,2021-05-21 16:32:37.000,24052,ETH-B,0x4fc870c897462df7199a858966ec47a077674ee3
12676154,2021-06-21 06:56:04.000,24732,ETH-B,0x8ad3e4923d3864f3ba8d4392dd7e3d3da059613f
13583871,2021-11-09 18:55:32.000,26458,ETH-B,0x0469c860660e15a40282fa58c22e599d491c7275
12662343,2021-06-19 03:07:07.000,24696,ETH-B,0x2e8981c50b6125babae64f8af17bf48c8d5403e8
12966404,2021-08-05 17:50:38.000,25220,ETH-B,0xea052a7c3422734a0cab18cf5cab723ef6fe9555
12500251,2021-05-25 00:12:37.000,24188,ETH-B,0x8923307849fea9877400fa6e34581d4354a7714e
13474676,2021-10-23 15:50:39.000,26206,ETH-B,0x0602feedf45f740f198894a3eefbafe818412cce
12686076,2021-06-22 20:04:15.000,24760,ETH-B,0xe505eb332b3465dc423327b88e6a3caa91192d07
11484889,2020-12-19 16:50:13.000,18192,ETH-B,0x259966411d651e55e10c69729bb24a501b568cc9
11527052,2020-12-26 04:20:25.000,18416,ETH-B,0x336cf00debc3a272948ad6640f8bed4b758aa7a7
11577385,2021-01-02 21:09:30.000,18804,ETH-B,0x784ae3ce1ccc95070fb07173a75bc84532fb4035
11620966,2021-01-09 13:58:24.000,19166,ETH-B,0xaf5b1064c1d10148853fccf9712e707792bda6ad
11585454,2021-01-04 03:03:22.000,18891,ETH-B,0xe483c7f64cda3fb0600c3614f0a53685b066d25c
11613537,2021-01-08 10:30:16.000,19107,ETH-B,0xa45332ca679eda5ffbd81836f485434e81adf869
11598591,2021-01-06 03:32:43.000,18986,ETH-B,0x521a5fb4c11eae1698cd033fc4300dc1f4b0e650
11706460,2021-01-22 16:50:04.000,20023,ETH-B,0x3375fa22b2312377edb8b0b0f61d70fede494e4c
11475954,2020-12-18 07:53:47.000,18129,ETH-B,0xcacb757697504cf8af569c913c698580534cc8d4
11640635,2021-01-12 14:30:26.000,19363,ETH-B,0xbff0c8fc8cd2e4bde0912c77d0aa07553f63a390
11541339,2020-12-28 08:32:29.000,18524,ETH-B,0x0cc393d9b1a09cad19b4c706be11efce3739c00c
11633403,2021-01-11 11:42:47.000,19286,ETH-B,0x4a5eeded5fa9c975b04c1c3a132ac789ac208004
11636675,2021-01-11 23:40:51.000,19318,ETH-B,0x0f4fcf726ab928ebfa8106ca2aa78e8dcdc2eea7
11515064,2020-12-24 07:51:18.000,18359,ETH-B,0xd294987d1ce970aaa29c1eee59e63c9ccded605f
11829498,2021-02-10 15:12:17.000,20821,ETH-B,0x1f5cda682ffc0bdd7ca44534e518908a7cf33420
11552706,2020-12-30 02:43:27.000,18600,ETH-B,0xe1df468ab04f2e165d0457c41a4d2a80b80176aa
11502627,2020-12-22 10:07:00.000,18306,ETH-B,0x7817d443f12cc802090227377303a5dccc71f84f
11472449,2020-12-17 19:06:00.000,18109,ETH-B,0xa1c5524b29d0772ac14c519e06091acbc67f7d98
11723950,2021-01-25 09:12:14.000,20181,ETH-B,0x6d633324797b5fc0e0f8de0e66fcf0149c7f8b69
11632625,2021-01-11 08:50:55.000,19278,ETH-B,0x6aea676ddcd40e21e22c40057967224ac949e4eb
11492840,2020-12-20 22:06:09.000,18239,ETH-B,0x5982e96882869364735251555bef452d393aa5a5
11542206,2020-12-28 11:40:18.000,18530,ETH-B,0xc66b54382fc253d3f1a5deb215502340f9637d59
11718185,2021-01-24 12:00:10.000,20111,ETH-B,0xb6b5b4cc8e74e4d9c1465a296b0c5781d9e3a013
11597956,2021-01-06 01:01:02.000,18982,ETH-B,0x1c070fbb5319ea6c3cf13b3cef6a18370564e029
11479475,2020-12-18 20:56:52.000,18149,ETH-B,0x71f169efa6281591d5a45e2d087f001b8bc1c710
11682108,2021-01-18 23:06:48.000,19797,ETH-B,0x56d10e2ce8f5fe7e13161ee6c31a794c6dba1b2c
11539366,2020-12-28 01:26:29.000,18502,ETH-B,0x323a9285fcbc5b136f08ec6ad0278ff0b2abbad0
11683334,2021-01-19 03:39:15.000,19806,ETH-B,0x3b84de2dd3d1b251a26761254693831a8f3c609f
11547176,2020-12-29 06:06:23.000,18560,ETH-B,0x893f4bbe9d9b59419465734380d0f1cf931f0d1e
11468310,2020-12-17 03:47:05.000,18088,ETH-B,0x4e5b3af6fed4d237ce9e246629f27db982dbcfe0
11731250,2021-01-26 12:22:31.000,20255,ETH-B,0x5b53c295380c62956c449d139f76906f4a5bedf4
11638139,2021-01-12 05:07:41.000,19335,ETH-B,0xa5999374e5fba335dbc52a9ce8c79f834ae4858c
11579633,2021-01-03 05:41:48.000,18833,ETH-B,0x3654e86f96e8b42e388cb823d7c05b7b78f53949
11641820,2021-01-12 18:32:22.000,19376,ETH-B,0xf869870be5460c74c28752927f19df5c19b632d0
11548103,2020-12-29 09:28:22.000,18568,ETH-B,0x98ce252e32c170a6a159c234287f3d4894bcee24
11704867,2021-01-22 10:51:32.000,20006,ETH-B,0xdb9dc96056ac4fa506642d0f2500166246509a62
11555136,2020-12-30 11:33:31.000,18619,ETH-B,0xd8cb65cd0d179aba5d8b143e1f2fef9cc059d5b6
11564478,2020-12-31 21:59:51.000,18688,ETH-B,0x1db4faa9ced8810231c909012020150963180233
11479180,2020-12-18 19:54:53.000,18145,ETH-B,0x25cc1c46018f137dbe19a994d0aa64afb5278517
11755088,2021-01-30 04:19:28.000,20391,ETH-B,0x2621132957f8c9f1fbd4567d584394e5ccf05aa7
11688429,2021-01-19 22:17:41.000,19862,ETH-B,0xd302b6eebf1167a62813c69d1b4366f6f752c8d5
11603883,2021-01-06 22:55:41.000,19017,ETH-B,0xe9ae1e7a5ffee9bc5b938dc3bb5a07c442ef72bf
11650487,2021-01-14 02:08:29.000,19474,ETH-B,0x167a6dcb504645eadccb5686ca0a572ac4638e7d
11560950,2020-12-31 08:57:36.000,18669,ETH-B,0x1b7de2bd475c7e9b5772de3c8acba2f58840aa87
11690269,2021-01-20 05:06:16.000,19886,ETH-B,0x93b3d4d18a3eca77dafaf85c2517bb36d0c3b170
11575439,2021-01-02 14:04:20.000,18782,ETH-B,0xc892a535bdeb858214027516c954895155000acf
11583752,2021-01-03 20:36:01.000,18875,ETH-B,0x2c01c7073c2443d91ceaa398809b4c9ce6ca11ce
11615038,2021-01-08 15:58:16.000,19120,ETH-B,0x78a8509b7892b000bfcc392ce32d0e8672be303e
11498699,2020-12-21 19:44:43.000,18277,ETH-B,0x79f20c6d8aab2ef5b4d74fa7a8afcdc899e90fc1
11651263,2021-01-14 05:02:40.000,19484,ETH-B,0x6ffb1307c8f1b6de53cdbb26e2ffdb18e9144ac0
11636182,2021-01-11 21:50:24.000,19311,ETH-B,0x160d3dd335a33605d839f2cc4fb5a9c87dbc5a3b
11718190,2021-01-24 12:00:58.000,20112,ETH-B,0xc1479e890c1135cbcaca51ac2e69552d7652c79e
11603904,2021-01-06 23:00:32.000,19018,ETH-B,0xb7d510949e4817c31e8facc4ab27cfe0b582bace
11765566,2021-01-31 18:59:08.000,20440,ETH-B,0x38dd9f7f44cb09342f0da7a8cb5492716409c0a0
11600769,2021-01-06 11:36:54.000,18993,ETH-B,0x96d35aa8aa54b5e7b4c0013210a6272b2c6303bb
11683540,2021-01-19 04:24:30.000,19811,ETH-B,0xab2f6bc59fbaf59b0d233db80254ce6d829541a6
11594480,2021-01-05 12:28:56.000,18955,ETH-B,0xad045903ca296109766218038f3fdddb721e2cec
11594303,2021-01-05 11:44:59.000,18947,ETH-B,0x32d305a28f5c91155fac0fd7ad964c8f63f6e121
11489824,2020-12-20 10:55:00.000,18218,ETH-B,0x780fbdb10be1a7a1262dcaf1e8d35b41a2ba4164
11497808,2020-12-21 16:16:45.000,18263,ETH-B,0x6ab5641ad280a0881d649e0a12878e35ca21f8dd
11718178,2021-01-24 11:58:27.000,20110,ETH-B,0x524dbdbaa6fc9524dddbf6879ea67ef534d3c198
11590142,2021-01-04 20:23:23.000,18918,ETH-B,0x43c103c59b9328b8c45ed6e3c7b6127fa0cf8de0
11493150,2020-12-20 23:14:34.000,18241,ETH-B,0x3c4bc8161e03aeee677c2a4605ef344e237dc7e0
11573487,2021-01-02 06:58:53.000,18771,ETH-B,0x87f3dd41f2d08cfe139a5cdcad68960410e41d87
11540562,2020-12-28 05:48:22.000,18519,ETH-B,0x821321cf6b70936abdec4bb1b6adf3a51f546047
11509490,2020-12-23 11:19:05.000,18339,ETH-B,0xe3ce183b3691110667b1fe786877d329d26b1a48
11468635,2020-12-17 04:57:06.000,18093,ETH-B,0x4d0b36a0da702e14327a42c8411c605390cb097f
11491791,2020-12-20 18:17:12.000,18231,ETH-B,0xa7ac3a7ec298cf328394bdcebfd4da42511a3974
11544017,2020-12-28 18:22:18.000,18542,ETH-B,0x851811267a609b32e4edac40d15eaaebe6938e9b
11661037,2021-01-15 17:15:42.000,19586,ETH-B,0xdea29e0678c9cec50caf8dbdf2336a11192f2ff6
11647222,2021-01-13 14:41:50.000,19434,ETH-B,0x1dd29e465f06381246caf94d348fd1a218a0b1b2
11634774,2021-01-11 16:45:24.000,19295,ETH-B,0x78418a9176db11a521c5a63eb77aa4fae54b124d
11576595,2021-01-02 18:22:56.000,18794,ETH-B,0x7f27f1bc4f6f8cc1be928ea1aa89a4e17a9e023f
11613522,2021-01-08 10:26:28.000,19106,ETH-B,0xa72343f87e2942aab7bd1337023c633d6501b328
11558631,2020-12-31 00:20:56.000,18645,ETH-B,0xb771f0c812400ecf692a096e4d4246222b33f410
11453998,2020-12-14 23:01:58.000,18026,ETH-B,0xdd329f6c89c1462328cfbd8173a5f33fdfc3f02b
11688593,2021-01-19 22:53:41.000,19864,ETH-B,0xd5204abf7570fd6fa88c5ba60e6941aa6029be2e
11578448,2021-01-03 01:07:09.000,18816,ETH-B,0x623689b30dd6a32417072625d394ff5b84f4ec14
11641455,2021-01-12 17:16:57.000,19370,ETH-B,0x4c43be828c28ea1f3d673da0648ad0cb394303f0
11567628,2021-01-01 09:41:16.000,18708,ETH-B,0x6f321000b264035ada1e3f135edb5d33312a6f59
16390751,2023-01-12 12:33:59.000,30040,ETH-B,0x0172692c5e31ae0162262243d188c20a2debc558
16370487,2023-01-09 16:37:59.000,30029,ETH-B,0x3f290fb20df8dbee503762a52a4c4fcb06c753da
12492482,2021-05-23 19:31:01.000,24131,ETH-B,0x29ab5780fb183e98c8351ab6615ec0ae861582ee
12700033,2021-06-25 00:16:50.000,24800,ETH-B,0x2e18519aff4dc113cf5dec6fb5c9b37d9be63aa5
13168790,2021-09-05 23:45:30.000,25545,ETH-B,0x2ba928c5fb9f3a12f25fa240f2de311a20f4e5e6
12972198,2021-08-06 15:28:13.000,25229,ETH-B,0xae5f0f9219fa15384886cf3525cbafcf829eb29e
13493081,2021-10-26 12:44:58.000,26250,ETH-B,0x8278375adbd82579abaceb49ac0780ecb0ff2269
12796765,2021-07-10 01:45:27.000,24981,ETH-B,0xb2e4cb6b928c2d3b1f6cca0eac3ac27acb07dd6c
12594700,2021-06-08 15:31:26.000,24484,ETH-B,0x5e19c479ce4952a08b16cb4a1a0f26801185b42a
13540957,2021-11-03 01:23:49.000,26344,ETH-B,0x701866986947ea645252f74643e4a3f8c08b8b46
13464067,2021-10-21 23:47:48.000,26181,ETH-B,0xf082919ad8aaedfbf6df65ec9e2119428b83f620
13333725,2021-10-01 13:27:56.000,25891,ETH-B,0x7f19ce9458d2214168e065a07e0840f2b73bd4fa
13003786,2021-08-11 12:09:13.000,25281,ETH-B,0x10675df5f13e3a6837bbcc3e129aef79231aa75a
13531039,2021-11-01 11:58:07.000,26322,ETH-B,0x2f2cb2478f713ee9245e3da9fc436bfb94fa6694
13684175,2021-11-25 15:07:09.000,26695,ETH-B,0x8e06e4710f2011fa93c1ed5f01ec47ea46c55d06
12747154,2021-07-02 08:37:35.000,24894,ETH-B,0xf673a6d19e74b6d421f9d4df005f382976cb7231
12759895,2021-07-04 08:08:26.000,24923,ETH-B,0x7a2185bc803aea7afe7a527cac6723de32a7c601
12796709,2021-07-10 01:33:35.000,24980,ETH-B,0x48e9cb988cc983fe61970696560eb22f9ba2c1d3
13384463,2021-10-09 12:12:50.000,25990,ETH-B,0xb8e3c0cb1fcf5a00d443adedc194d09a1b8f3415
13109526,2021-08-27 20:10:20.000,25454,ETH-B,0xc5b66332c7ac3c9259f7f95f9e17191b5afd90e6
13391197,2021-10-10 13:42:34.000,26017,ETH-B,0xd589afbb86fa1ab725046f79ed7f8f37812789d2
12555787,2021-06-02 15:08:32.000,24352,ETH-B,0x4e048be49ad9f3058c4a84f36af48558fe356b89
12913329,2021-07-28 08:11:07.000,25143,ETH-B,0xdb4e802f65a51239dd9f05ea15172750f939d0e4
12864186,2021-07-20 15:19:04.000,25066,ETH-B,0x41225232fb0445c9062487e314810c7b37030cab
13238882,2021-09-16 20:18:14.000,25706,ETH-B,0xd6a2f56aa80fe8bc06ca2bdf517c7d58b6bd1f43
13149806,2021-09-03 01:29:25.000,25512,ETH-B,0xb9d6b084ee779f01fff3513ec79cc327578a8749
12479753,2021-05-21 20:06:57.000,24055,ETH-B,0x6655edc52e5e3994273060976ad05891ce4d9986
13813034,2021-12-16 00:38:29.000,26967,ETH-B,0xfea347e86ffafae3f30cf1b40b219ff5de7b2f01
13719877,2021-12-01 07:54:16.000,26784,ETH-B,0x5c1644fa983fc9b60caaf7d7737b020e3b7afd5d
13738342,2021-12-04 06:43:54.000,26817,ETH-B,0x57343aed0b330c75f387f92c93dfd42719858895
12863415,2021-07-20 12:31:55.000,25061,ETH-B,0x806a7f14a4a6ea890169046fbe31f92566ed2f2f
12510038,2021-05-26 12:48:40.000,24245,ETH-B,0x5964eeaffc5abe599b78cea49148d5647fa9695b
13338988,2021-10-02 09:09:50.000,25908,ETH-B,0x830b1e92a23da9dce4c963ad5a41d6f62a37c674
13217796,2021-09-13 14:09:53.000,25646,ETH-B,0x221edb956de6976cc328745165f8ec30c85c8359
12624566,2021-06-13 06:44:03.000,24558,ETH-B,0xad3bf4f5dee03b1ea200faeb3d0c6d1dc75af747
13325172,2021-09-30 05:17:30.000,25874,ETH-B,0x8836f2c303cd5f0a7e8e8d46cd044415abc73fc7
13077051,2021-08-22 19:37:10.000,25404,ETH-B,0xf1a684189aa91919b7e7678bf7a2f67146b93f1b
13738366,2021-12-04 06:50:36.000,26819,ETH-B,0x98cedf5bdc581039d7c29c1899f94c87f9fe80ae
12932709,2021-07-31 10:13:42.000,25173,ETH-B,0xc5d16bea6bfd53fdb1c3720f0d4f346eb5cc1539
12492464,2021-05-23 19:26:37.000,24130,ETH-B,0x77244dfbeea7796f7db98bde95cd30487d99781f
13458340,2021-10-21 02:29:16.000,26162,ETH-B,0x4b3b47d24c0cff3c12f1d8cd1ded0dab7031b47c
12690750,2021-06-23 13:54:22.000,24777,ETH-B,0x6aa920454ac0e1e4f69abb4ab7064ba68facb21f
13423158,2021-10-15 14:19:07.000,26087,ETH-B,0x7e577181e07c0798cea1f43cbe14189efce94ad8
13211055,2021-09-12 12:49:42.000,25633,ETH-B,0x5ce06b31cbaae7f67c11a463ceca0dc623e01cf4
13759844,2021-12-07 17:33:43.000,26871,ETH-B,0x17b36dd20a41a5e56c5e277fcecb4731bf234590
12706350,2021-06-26 00:09:37.000,24809,ETH-B,0xa69b1f23d1970a5fb389f011e8cd016adafd58fc
16393771,2023-01-12 22:42:59.000,30044,ETH-B,0x47edfb9e425acc357ee6e4252b85b55aa685e7db
12464723,2021-05-19 12:09:29.000,23953,ETH-B,0xb39e65e7404014de056bdd59479491c9872188ea
12347910,2021-05-01 11:06:45.000,23347,ETH-B,0xeada954370f00b8641a926a44f9657866a0865d2
12328752,2021-04-28 11:44:04.000,23247,ETH-B,0xb38f501ea6aabef542ca57c4a01dbb37f3715e5b
12466993,2021-05-19 20:29:08.000,23972,ETH-B,0x8660f35fa52f9de2fddf66e24943372330db0502
12340718,2021-04-30 08:15:29.000,23300,ETH-B,0x10067842e80b6af53c9bc9c673528b94803ad269
11943038,2021-02-28 02:04:20.000,21490,ETH-B,0x637c50c9cc8daf41923a24dbf3218092fc352d5f
11887657,2021-02-19 13:34:16.000,21186,ETH-B,0x011d9b88fa8f334a07e7017ea1cb1f11e7539e6e
12222172,2021-04-12 01:07:38.000,22750,ETH-B,0xab50a9798cc20e12f903e8c94368f67d065159db
12339081,2021-04-30 02:12:47.000,23290,ETH-B,0xc1b6fe8db4c4fbbf20ae0740ccae4933e9f0ef07
12444449,2021-05-16 08:38:55.000,23825,ETH-B,0x85fe7254d8a0d83684da7d4981f0193ab527c33c
12335648,2021-04-29 13:36:06.000,23277,ETH-B,0xf9d3692de191d8d9d0abb0af7958ebed95537b68
11938551,2021-02-27 09:31:29.000,21475,ETH-B,0x7b5bd7e4fc085e32b4749fdb4d8ad399d9d5f683
12366449,2021-05-04 07:35:00.000,23471,ETH-B,0x631681e33d144e37e7a479963dc67aa58afceef9
12094414,2021-03-23 09:53:04.000,22179,ETH-B,0x24f5c7fde64a1febbd6b3f017543d94b88ef6b30
12469766,2021-05-20 06:56:29.000,23994,ETH-B,0xf33bc00b1ee6070f8fb8ae53f1739ddbbb15d733
12105904,2021-03-25 04:22:43.000,22219,ETH-B,0xa8315bca17052a15590be06280e3e86ae4169fe5
12449418,2021-05-17 03:08:26.000,23852,ETH-B,0x19d4a34441c1703199c856e26eeaa0f3eab3b617
11585128,2021-01-04 01:53:27.000,18888,ETH-B,0x4c83d9d8cd701b05e0b5f22d26020a4a2d610f36
11588578,2021-01-04 14:43:53.000,18907,ETH-B,0x56f111f5387e9a8f73a67d2664e00bdaedc176fa
11661010,2021-01-15 17:08:32.000,19584,ETH-B,0x03eb77a6081883bfdae76321bee96fd5a5504cc3
11688228,2021-01-19 21:37:29.000,19859,ETH-B,0x33d5e868e6169e6cc6434949d45cf91f323f6d53
11647663,2021-01-13 16:09:17.000,19438,ETH-B,0xf8534cf0fb660482f7716f232d6f6721a27837b6
11476910,2020-12-18 11:25:52.000,18137,ETH-B,0x9bb1d2462d2582b015a38593e81564978a737577
11482181,2020-12-19 07:03:31.000,18168,ETH-B,0x1b0ea4550dc6bdb75bed4f4362c4faf4dece654d
11648786,2021-01-13 20:13:19.000,19446,ETH-B,0x9abfce173bdfca4497bbf345c320557f2214de43
11579909,2021-01-03 06:44:40.000,18839,ETH-B,0xdbca122e059c7bac1986a92747926f9c00f679bd
11640853,2021-01-12 15:14:19.000,19365,ETH-B,0x985bc64f444d98c5f15fa04390f9b93dabd1ebae
11754643,2021-01-30 02:31:13.000,20387,ETH-B,0xf31c6b082d8600da061150897d17c642bef5ea46
11578957,2021-01-03 03:00:38.000,18822,ETH-B,0x2e725a7106dc9eb79256473ec2c62245a07d22f1
11622799,2021-01-09 20:40:56.000,19194,ETH-B,0x837046b20c71d7c197a18532c84cf44910c06281
11459055,2020-12-15 17:42:10.000,18040,ETH-B,0x4962b14e82c54d274d4ffce0135fe996dd15859d
11852338,2021-02-14 03:20:05.000,20950,ETH-B,0x7d4cec1db5b28fceee6d9d0ff9888630b0b6a52a
11594329,2021-01-05 11:52:33.000,18949,ETH-B,0x8a186180055a6bfafa05d1b9a5b9e47342bcf145
11589318,2021-01-04 17:21:02.000,18912,ETH-B,0x93dda0ac82c18797ea9bc7e31c8e7865daca1062
11588592,2021-01-04 14:48:08.000,18908,ETH-B,0x13ec1ca7bfa0e3897518155d467dcf25dd6a0123
11525604,2020-12-25 22:56:29.000,18408,ETH-B,0x30855d3a7cba6b0e73bbe3ca9b2fd2c5b92f6b9e
11635383,2021-01-11 18:58:13.000,19304,ETH-B,0x0e3ea8c9e2d836657c920c5d173ae556a2a69561
11557938,2020-12-30 21:44:11.000,18640,ETH-B,0xd0ebbfb1e8f737f5f65809b2a5fc98a2ee969f71
11487221,2020-12-20 01:27:09.000,18205,ETH-B,0x4106b007ec9badbb01d46bb2374589f04f7b609a
11590825,2021-01-04 22:51:15.000,18923,ETH-B,0x046973ed46304ff1ef6976097c47f7771e7c7dbc
11581753,2021-01-03 13:20:16.000,18862,ETH-B,0xf21457e1fc91b350ff453c3c6d99da4224cc3c44
11632648,2021-01-11 08:54:52.000,19279,ETH-B,0x8be459b22d4bc585b8f3bd90184eedc77c0a9332
11589779,2021-01-04 19:00:21.000,18915,ETH-B,0x8889d79a3e1518d007fe98d13f12611bd916f7ce
11452439,2020-12-14 17:25:15.000,18021,ETH-B,0x9dec0e3f48d9b0f88c9941a4ef96c475a13caec7
11753725,2021-01-29 23:23:43.000,20380,ETH-B,0x6d284001a400722ec222f0d93c15e5f2c865c588
11581792,2021-01-03 13:28:47.000,18864,ETH-B,0xcfc6a9d283c3ae476f8862394623db3a29ca37b3
11576870,2021-01-02 19:18:07.000,18796,ETH-B,0xf6a48c2d581cad3fc1a9870a30253ebbebd84af6
11500563,2020-12-22 02:30:57.000,18295,ETH-B,0x2d7bb2121a45b67a89817ba19bd4b9e5175fe411
11611754,2021-01-08 04:04:58.000,19095,ETH-B,0xb2a094649109f9b796b7c7dd1d3c142aee9ad148
11470171,2020-12-17 10:46:37.000,18096,ETH-B,0x21c8f2c19a642085a143f5d7cb21ed76ae90d011
11482147,2020-12-19 06:57:41.000,18166,ETH-B,0x34141931bc8df20f358395c4e4478bc128cbaa3e
11613548,2021-01-08 10:32:37.000,19108,ETH-B,0xbdca5d2d3780e66253292d5d7bab96bd77f1e8c9
11693301,2021-01-20 16:10:01.000,19909,ETH-B,0x388f9a145372cca2d2bc6104bfb468b34742a5e1
11481117,2020-12-19 02:59:40.000,18164,ETH-B,0x85dd4a0d75a46076084bca62def5a58dc3a5c842
11621423,2021-01-09 15:44:01.000,19172,ETH-B,0x724962094069e4c37a2e7b2ccca1614f8037ed23
11470249,2020-12-17 11:04:27.000,18097,ETH-B,0xcf3a84c23b5e048b6b3d16aa3814283e1e49cebb
11613665,2021-01-08 10:56:04.000,19113,ETH-B,0xc85168dcddee47dc100a213ae19424a25ea93fc8
11506313,2020-12-22 23:46:58.000,18329,ETH-B,0x3271fec67d7825a325eb638ced1afc182d8d7446
11597114,2021-01-05 21:55:09.000,18973,ETH-B,0xc94b1b7e5c62161a2210cea85c22d3067275b614
11575445,2021-01-02 14:04:57.000,18783,ETH-B,0xdca32e625c3bc6eed62a33453e8b78551227bd45
11569189,2021-01-01 15:14:42.000,18722,ETH-B,0xdfb584b5b0be71903a9d95eb6c4906910a1d4445
11460424,2020-12-15 22:44:29.000,18048,ETH-B,0xb66ccce360dda66f23fdc94947af93b270e491a5
11641473,2021-01-12 17:20:36.000,19372,ETH-B,0x33a4210bbfee7c36efeac9d5a76af552028a0e53
11581737,2021-01-03 13:16:34.000,18861,ETH-B,0xd62f51599c306c2161472614ac04c734ff9d0a19
11591823,2021-01-05 02:33:27.000,18929,ETH-B,0x33bd622df4ce5ed05f9a47e4d5a55f0cc4efcb78
11608904,2021-01-07 17:23:48.000,19071,ETH-B,0x0d10e0357a8e46f94cb98a765c47ff187660807f
11561740,2020-12-31 11:44:02.000,18672,ETH-B,0x9e6dc83824ebe4ff6367df64c57ead8248a8613c
11717276,2021-01-24 08:35:44.000,20102,ETH-B,0x43b0ca1a6e33c38052ea99fa9cc069c3cde09ff5
11484453,2020-12-19 15:14:26.000,18186,ETH-B,0xfaff7064b105f2891ab1d7c24b5f0d4e0b752ba7
11573318,2021-01-02 06:18:40.000,18769,ETH-B,0xd4ca0431df2991b2255ca3076fe7dd45f78b09b5
11692080,2021-01-20 11:43:12.000,19902,ETH-B,0x60df3b6435d8738cb4456a7d643d6dd9439d6f80
11534367,2020-12-27 07:06:09.000,18461,ETH-B,0x0cae3dad25502b5385368589ec9723fc813c8644
11644629,2021-01-13 05:03:41.000,19409,ETH-B,0x0ecb90766f31231b9ac0175983936aa12b31bcb2
11594463,2021-01-05 12:22:46.000,18954,ETH-B,0xe9d2f6e04d659e2647ad6540ee2d7a2a0f9a5e82
11590547,2021-01-04 21:45:10.000,18920,ETH-B,0x75d3349770b33bff9b79d8053ef817461e3a0257
11589037,2021-01-04 16:17:57.000,18911,ETH-B,0x138ad07c84282c23bb7e413d7ba9e5bc97ee3f5b
11590982,2021-01-04 23:22:44.000,18925,ETH-B,0xb53bf38504f984d09482f73b6997e060951560d0
11715364,2021-01-24 01:23:39.000,20088,ETH-B,0x201f3e7357e94d74ce73b742ea88d6302870fc52
11577447,2021-01-02 21:22:33.000,18805,ETH-B,0xae5aaa9990c990c16f2eefd824faeddb699d7e7f
11638698,2021-01-12 07:04:02.000,19343,ETH-B,0xb69906b6f28080a5dbc3988fef105bcd321bbd88
11545794,2020-12-29 00:53:13.000,18552,ETH-B,0x7fc5ca135c22146996cd32417715391d221db225
11706676,2021-01-22 17:34:50.000,20024,ETH-B,0x63006865f06159d144ecedf9d90e813a08f16853
11637077,2021-01-12 01:13:40.000,19322,ETH-B,0xd336cb208fc40802cb3fb2d9b2a92a2c2950c99b
11711406,2021-01-23 11:03:05.000,20059,ETH-B,0x1d9318e3545bb26b5c28286da70aa357cc96873b
11155195,2020-10-30 01:27:24.000,16327,ETH-B,0x87c7b3ff9ae17a4f69603b0ee33cad780c81e986
11283780,2020-11-18 19:23:40.000,17008,ETH-B,0x6fc01ae966647dff3f6fa726d242d125b6e933ac
11397385,2020-12-06 06:00:21.000,17754,ETH-B,0x2aeb4222fe6c0c510644732c1ba5858ccac1729b
11151505,2020-10-29 11:50:26.000,16310,ETH-B,0x56157d6a8e226cc081f375b88cfef282a5a2fe3f
11200584,2020-11-06 00:48:00.000,16555,ETH-B,0x96531412cbb368d0cb83972581e4cc9e5b8196c4
11160114,2020-10-30 19:43:15.000,16343,ETH-B,0xd19ba8d2f5851324dd23e3304ae3140274d61b8c
11120567,2020-10-24 18:00:49.000,16136,ETH-B,0x3174add56c632427e76b7a96928c73f61c15737e
11250257,2020-11-13 15:49:05.000,16838,ETH-B,0xe0c83c0572c0e7088f2be88ecf22ddfe7312a966
11140878,2020-10-27 20:45:34.000,16254,ETH-B,0x220290e4a3eada5c0be275623ec0ebae1be22aad
11375728,2020-12-02 22:09:41.000,17661,ETH-B,0x746a27cfd88bbeca6498178a463e49ffe8577bb2
11437607,2020-12-12 10:38:07.000,17938,ETH-B,0x12b50ba4d7b8e76051d64f86b5526c00ee2f4f28
11226816,2020-11-10 01:23:41.000,16718,ETH-B,0xd7302362858d2e51c2b0c2bc97c7e7e879f8470f
11213303,2020-11-07 23:36:33.000,16627,ETH-B,0x9b1c5ab1e85dfef3a229521f46acb6c4ab6854e2
11308101,2020-11-22 12:48:25.000,17198,ETH-B,0xeb996e3e3171459e090ac0ffd78ee18704d69c24
11390345,2020-12-05 03:59:54.000,17716,ETH-B,0x63fdb4d312ad4508b229be42890ed24b5151cac7
11340005,2020-11-27 10:16:55.000,17467,ETH-B,0xd7294df66a5cd7180bcc99b09e5d557a727bf3a2
11196117,2020-11-05 08:34:11.000,16533,ETH-B,0x10db4514f6bda1991b27bea113635101b30e1009
11311544,2020-11-23 01:31:41.000,17230,ETH-B,0xb88e3d6d804287d2d476c2f43ec78d012da117f7
11222472,2020-11-09 09:28:18.000,16695,ETH-B,0xafba22346e3483fe4c8cbf0bb4045aa8c0598df3
11416355,2020-12-09 03:54:34.000,17847,ETH-B,0x3d4bc17ff1ac7ca09585e7fb74abac2bad46c7b4
11108029,2020-10-22 19:47:40.000,16073,ETH-B,0x07256d56057da6360e44cdf465c4c2f4a422515e
11365830,2020-12-01 09:36:19.000,17615,ETH-B,0x7715eea9c991fa651360c2e1096e50a14af5e712
11202505,2020-11-06 07:45:07.000,16568,ETH-B,0xd7f179611d56a3a619bf0b627e6aeb99abef783d
11334135,2020-11-26 12:56:50.000,17419,ETH-B,0x2e423344af12ff4ae81bcec2ed53c394117bc817
11332219,2020-11-26 05:50:42.000,17402,ETH-B,0xccb92e38eca304affd38c6af5aaa0fdeb3881fb5
11338325,2020-11-27 04:14:13.000,17455,ETH-B,0xbc93c78098f230265b431a1699c572b25a551d5d
11228216,2020-11-10 06:23:49.000,16725,ETH-B,0xa0eb1e4383fddb3ab8c37bdd177f78f06831946a
11364076,2020-12-01 02:57:29.000,17608,ETH-B,0x83c3e4ffb9242148e20a1455d2476f3c725111fc
11358747,2020-11-30 07:31:10.000,17563,ETH-B,0x97f88fb0c203f030242c0fc7de9ffba306b3041f
11314207,2020-11-23 11:23:55.000,17241,ETH-B,0x7343c96cd63eee100b97e4873bd3fbd3f65ba951
11436697,2020-12-12 07:20:59.000,17935,ETH-B,0x4f119d659f9b6129b218eda25568aea3a962502f
11248097,2020-11-13 07:49:22.000,16832,ETH-B,0x5fcd6df16aaf11ab6c19dc62143fd86134885fc7
11370981,2020-12-02 04:48:22.000,17637,ETH-B,0xbea5d57c70ddff28c82ae81af7151438043c253b
11288459,2020-11-19 12:30:40.000,17040,ETH-B,0xab19c2edf491c26d7caac9eeac0780f226651b82
11402581,2020-12-07 01:08:20.000,17786,ETH-B,0xc33d829e7e355fbd671441ef42e660de603ac6e5
11094792,2020-10-20 19:03:17.000,15987,ETH-B,0x4dbdcfb572dd4f1ef1f659e993f55b517aa0d94c
11312227,2020-11-23 04:05:24.000,17231,ETH-B,0x3cb7e613a7750856c66551605d9f9956c120dae4
11350237,2020-11-29 00:11:18.000,17515,ETH-B,0xbf255c449e35f4fa1ced7a2516dddd24b4374383
11325394,2020-11-25 04:27:51.000,17352,ETH-B,0xca3d629e4325cde9ef8a8e09a03849ea0a55a758
11334208,2020-11-26 13:13:53.000,17420,ETH-B,0xfea7440d03d9d4ba792590e6a5a1eeb7f7d54cab
11339558,2020-11-27 08:42:49.000,17464,ETH-B,0x84ebbb86a33dfde123e3bbf95c6b647a78920310
11342843,2020-11-27 21:12:20.000,17482,ETH-B,0x5179b9b386ae366cd5122cdc2f0a978df115f3d6
11327229,2020-11-25 11:21:06.000,17366,ETH-B,0x196ec926e267621309556d7ba6225e2693c09899
11100891,2020-10-21 17:32:14.000,16028,ETH-B,0x29fdb24bb08780e59f4276d3b95d24714b6c1c44
11279919,2020-11-18 05:00:10.000,16991,ETH-B,0xbd568a82b746fb71b4db9aaf56996cac019b1208
11264347,2020-11-15 19:29:32.000,16908,ETH-B,0x6e1eb692e8950923aa55689f0d0dfc7591814d24
11303184,2020-11-21 18:49:28.000,17140,ETH-B,0x500584acfced3145475f143316be772e2d994718
11212599,2020-11-07 21:01:15.000,16621,ETH-B,0x72c8d4b2e0092976e8573c455491630c9fc45327
11207859,2020-11-07 03:27:59.000,16604,ETH-B,0x4102b6712bbc45374d6cd09b2a7e0a3acf2b46fc
11289230,2020-11-19 15:16:54.000,17046,ETH-B,0xfe15c8f1756b0b4190d7696319b3cc3218677bca
11287313,2020-11-19 08:27:12.000,17035,ETH-B,0x7bb815b92d43379ac31b7d8e622ecd5b19de3df7
11172210,2020-11-01 16:16:39.000,16410,ETH-B,0xe50227f45b18982a34a48dbd6c1bfdd6beb0a5c4
11336728,2020-11-26 22:24:54.000,17443,ETH-B,0x9155dcb387a56e478562098c7c0f4727a2609490
11310579,2020-11-22 21:51:55.000,17224,ETH-B,0x977425de238d6e733fe4c466d921e082cc23c035
11141281,2020-10-27 22:18:20.000,16258,ETH-B,0x06e4f700eb14f34e03189f5ae9f0633fa379a64b
11338558,2020-11-27 05:00:36.000,17460,ETH-B,0xa9471b59b0b77a52e3829e0c01c64c94ff765d4c
11333471,2020-11-26 10:34:42.000,17412,ETH-B,0x863139885872ed19a31344ea719c43cd5a8ca09f
11186095,2020-11-03 19:38:46.000,16482,ETH-B,0x6153a8461ac7b3b3a60fee486352fc92c400ff5a
11340955,2020-11-27 14:01:26.000,17474,ETH-B,0x72ac771f6a6ccf1cd3cbb8dfdf8d053c97337a7d
11228643,2020-11-10 08:02:31.000,16727,ETH-B,0xcf91f5ed9bcd8ab6899857d7b1717d460f6f1f2e
11399642,2020-12-06 14:07:13.000,17769,ETH-B,0xdc571baf7d624ac837d04e1b8b7ad8a49abe4874
11334726,2020-11-26 15:06:18.000,17424,ETH-B,0xeb7dd6997a2b93d70964357ad5492eaf212786aa
11383595,2020-12-04 03:01:02.000,17685,ETH-B,0xbc6d4cdec4251cd976700b1d386a9bfe95b49638
11413760,2020-12-08 18:36:24.000,17833,ETH-B,0x08baa1aaf9d2d5ef301893dc719b6cec91385406
11398618,2020-12-06 10:31:41.000,17760,ETH-B,0xce7970daf778d9497fdd2ae4e384625a533bdec8
11219621,2020-11-08 22:54:03.000,16686,ETH-B,0x2a29b552a8cf325e01192f1eb87d05f9d3d55470
11259865,2020-11-15 03:09:16.000,16888,ETH-B,0xae3209253a754175e4dbe31377390b890177be6e
11142411,2020-10-28 02:29:18.000,16264,ETH-B,0x48fca1b225bbf64168998aaab897c17aad4bc6b2
11097251,2020-10-21 04:10:17.000,16006,ETH-B,0x5133bb62f351fbc8a2a796032d2f1c8395870eb8
11407457,2020-12-07 19:03:31.000,17810,ETH-B,0xdadb8b82c6c284201d7e277593e4bbd6d139bb44
11374753,2020-12-02 18:34:42.000,17655,ETH-B,0xc36b0aadf8fad1f3ea7dbaed85c4136b50f8b554
11390809,2020-12-05 05:43:13.000,17718,ETH-B,0xa50e2165d79f25365d724744725eb5cdc2c9810b
11363355,2020-12-01 00:16:58.000,17602,ETH-B,0x49ef495c87f5f8125596e2a680aa8afdb9aeb81e
11425693,2020-12-10 14:27:48.000,17885,ETH-B,0x5a4af150a3e965ecca57df88aaeb2145e6e25500
11271138,2020-11-16 20:40:31.000,16946,ETH-B,0x53cbe52e47dcdb2716c8d9330c540cfc98b4dad7
11285917,2020-11-19 03:16:51.000,17026,ETH-B,0x11f5cf342474e473c743d8c12c9d71b2fe2e3801
11204305,2020-11-06 14:24:15.000,16587,ETH-B,0x03ec858f3e26fd7094047f49ee544200268fc7d9
11092485,2020-10-20 10:35:04.000,15978,ETH-B,0x124a7f2710a09b6a8f7da9fca240a9805fabf9fc
11102396,2020-10-21 23:06:32.000,16037,ETH-B,0x3456d16f5e3d5c8ba22230fed4be3491a559b223
11415801,2020-12-09 01:52:49.000,17842,ETH-B,0x3fc492ac260c4deae1238530c50b669b9a4977f1
11314077,2020-11-23 10:58:43.000,17239,ETH-B,0xc27177aaea51ccb78df1f3ce9efaa873eb18e5ac
11139825,2020-10-27 16:51:01.000,16245,ETH-B,0xf8c22dd295e268d8fee6846d3a7f8caba1b4ef78
11101279,2020-10-21 19:02:14.000,16030,ETH-B,0xe7bfdc12af3626e1427a3a0b7015cdd97b7955a7
11088554,2020-10-19 20:04:20.000,15967,ETH-B,0xf78afa4501655b8cd812ec1a8428b7edbfd79b5b
11368762,2020-12-01 20:13:46.000,17628,ETH-B,0x7bf0206e95dcada0712b2e0bb9ed619c795e03f1
11333422,2020-11-26 10:22:10.000,17409,ETH-B,0xf84220d5be1db2ef8114c18d60cc7f8321e25522
11330468,2020-11-25 23:23:18.000,17392,ETH-B,0x456b815e0fb8909abf4351b10389a3748d52d524
11170676,2020-11-01 10:37:29.000,16402,ETH-B,0xacd67e72aaf05f70718444b2b85ee10c3d2cb3a5
11417793,2020-12-09 09:16:44.000,17854,ETH-B,0x7a2416b76e8415011fa2db027414c371174fd9ec
11370616,2020-12-02 03:21:52.000,17636,ETH-B,0xd485485ab3750466f2f008fd93ac270fb9c910bf
11273984,2020-11-17 07:08:59.000,16957,ETH-B,0x9570b633ffc5160fd9d94cd6eb77c272c45fda6c
11312989,2020-11-23 06:51:41.000,17236,ETH-B,0x150dd29ab94362c8b3125cce92c02cbb0501d421
11247968,2020-11-13 07:21:56.000,16831,ETH-B,0x198304274a333e8ce0ae459f2822b7be29a6ad1e
11178194,2020-11-02 14:25:47.000,16451,ETH-B,0x77816681c8786c361019271219614eda0fbfe268
11330510,2020-11-25 23:33:43.000,17393,ETH-B,0x8ae3771e8242bdd983dd175f80a40a0c6031fcba
16370395,2023-01-09 16:19:35.000,30028,ETH-B,0xfd6f0329236b0a9a144b14bddba34c28c633fd2f
14949069,2022-06-12 08:05:22.000,28594,ETH-B,0x10b2515385e5f202eaf60193a89d604eddd6eb34
14295745,2022-02-28 16:36:23.000,27642,ETH-B,0xbd50b1c7a29ed120c4cb67df4f8329302c708af0
15204697,2022-07-24 10:09:34.000,29073,ETH-B,0x892d9cf350ca274121645f5f4da0e6e474a2a247
14051756,2022-01-21 23:06:27.000,27285,ETH-B,0x610a6f2b8db98ff8eee0309d29b376bf3ede4a29
14774471,2022-05-14 15:49:30.000,28300,ETH-B,0x24d86f0debe681a34c7be7e3eac6f3a6b2517100
14479309,2022-03-29 05:48:46.000,27868,ETH-B,0x59e8285e101c5e69a77b3006c008b6cd73f5f892
15113422,2022-07-10 07:00:00.000,28966,ETH-B,0xcff52d4072fab430f6c7449f5710c8758020c0ee
14119541,2022-02-01 10:14:39.000,27409,ETH-B,0x618663c8e8b84978cb3077207faad324ed6fdb04
15028885,2022-06-26 12:02:00.000,28815,ETH-B,0xaa3a3c4efefb561f0de39dd02cf427316eb75f92
15113846,2022-07-10 08:34:07.000,28967,ETH-B,0x22d6188c21cc09d7a3bb4e07ad1a83f87fbd1662
14959992,2022-06-14 05:04:54.000,28635,ETH-B,0x2dd900035064c1df9b22575444dfccef853f1182
14761991,2022-05-12 15:59:34.000,28269,ETH-B,0x201574d0fca40f5c9578abdca0dee54a57e6a3e4
15310328,2022-08-09 21:15:03.000,29202,ETH-B,0xc5c34a7b419892229a8ad3f4b7efba8cad0ff2a4
14518788,2022-04-04 09:45:58.000,27932,ETH-B,0x3333690d238e4d29a93819e7031d2d5e68d4555b
14323829,2022-03-05 00:55:21.000,27674,ETH-B,0x6bd43ded85fc195ce90e89bea1e35d781fc07b69
14190797,2022-02-12 10:53:27.000,27503,ETH-B,0xe7a51634b6f3af0820ccdfc773208da0aa40376f
14989919,2022-06-19 09:00:25.000,28732,ETH-B,0x5b7f71b2d076596e22a07e18dd5969d35f6b6726
13971306,2022-01-09 12:13:57.000,27201,ETH-B,0x42c3180859ef8b3b546316c671269161a8d11396
14644599,2022-04-24 01:39:55.000,28099,ETH-B,0x3c0210824a8ccb4ee1fec246b3fb0402994f4464
14766111,2022-05-13 07:42:04.000,28283,ETH-B,0x5542f327688a5a31f4386f208d936b0cbedb3f7a
13881207,2021-12-26 13:55:15.000,27046,ETH-B,0xfe566306deb7383bbe82be43c081d9ecc937d96d
14755716,2022-05-11 15:45:45.000,28244,ETH-B,0xce168344125eae8e07193e4d7d91d098cbc28755
13950030,2022-01-06 05:32:06.000,27159,ETH-B,0x74de4a5d2611ec2fedd26d0a18e141119789c6b4
14972851,2022-06-16 10:39:22.000,28689,ETH-B,0x9d6ed7b709289fe532708a8f23a141c7af53c5c5
15035582,2022-06-27 17:59:59.000,28820,ETH-B,0x7779ded7f8587a4e8b6b44a8a5adea2ecb1a7214
13972702,2022-01-09 17:25:07.000,27205,ETH-B,0x2c6992b889639ea7ac7fdd5d62fc73a306161aa0
15534649,2022-09-14 19:20:38.000,29438,ETH-B,0x9df9e05555e799055b0e845947432dc82ba11e19
16294283,2022-12-30 01:25:11.000,29995,ETH-B,0x52c00ccbeb41ad2771abbbdb530f99a8171a1d11
14904932,2022-06-04 19:32:39.000,28520,ETH-B,0x7c5d930a729fb37e073ca7e641d91592f453a095
15359092,2022-08-17 13:55:35.000,29284,ETH-B,0x24798fd0ab6976d8e98768031ba21afe47d6121c
15671066,2022-10-04 00:00:35.000,29571,ETH-B,0x5a37d4cca9cade9efa0c474589e125ffa04d7d53
14295660,2022-02-28 16:19:19.000,27641,ETH-B,0xe8e805ed3ec4b106d9662b89b798b326790364ed
14963761,2022-06-14 20:45:35.000,28651,ETH-B,0xe1b887a19d535ed1f82f1d2cb73ddc171cb3ab23
13952055,2022-01-06 13:26:54.000,27166,ETH-B,0xeb79dfeb20bcbb52778a4dc0acfc5c61f730f324
14107477,2022-01-30 13:46:41.000,27396,ETH-B,0x913575fa0adfbf1f9668ecf5b044727ce4a9634b
14142776,2022-02-05 00:17:48.000,27433,ETH-B,0x07c00f778e2cc8bba089a47625f7673594834240
14988316,2022-06-19 02:07:06.000,28726,ETH-B,0x83e819f571cde4cd08a4603a13d027d0790b30b9
15099044,2022-07-08 01:45:26.000,28943,ETH-B,0xd0e3b8a1762bc793fdb2c8650c86406ca1f6d13a
14948182,2022-06-12 04:23:54.000,28590,ETH-B,0x0acbdae518dd6c180a3b4bf17fcf6ac98291517c
16069235,2022-11-28 14:58:47.000,29878,ETH-B,0xa18ca7b8f0f71d10585203bbb771c902af685a9a
14751524,2022-05-10 23:52:19.000,28239,ETH-B,0x6f6317780c33a67bf6138e6e0e1dca64a8779c45
15927152,2022-11-08 18:37:23.000,29707,ETH-B,0x5db204d7ba452c9b08dd82725936dda1caa9d0c3
14210038,2022-02-15 10:01:54.000,27533,ETH-B,0xbfeba46cea4e6a59e2d5e06cb68242b75583b2b2
15298827,2022-08-08 01:58:14.000,29185,ETH-B,0x7b3a99c8c17361b2af8acaec0c22b3b08b3ecabd
15272726,2022-08-04 00:37:37.000,29155,ETH-B,0x30ec7be69b6ef6066a1f2ec23c6aecc59ec5be8f
14956044,2022-06-13 12:44:55.000,28616,ETH-B,0x4d345657c2491fb729a4e39546042efefe8c0855
14914991,2022-06-06 12:31:59.000,28536,ETH-B,0xe2293394f47d68a42343f2b105d5a002d7ccfe15
14857262,2022-05-28 00:41:59.000,28456,ETH-B,0xe28687082737412131aab9b2be17311e78c31d8d
14759844,2022-05-12 07:36:59.000,28260,ETH-B,0x732e4117ec4ffd178f414a7c53140b0edb0894e7
14829772,2022-05-23 13:11:12.000,28402,ETH-B,0x8e2383046f361e5ad57f3c382cca3a219eaa7bce
14063303,2022-01-23 17:38:37.000,27318,ETH-B,0xf53189e4d73200a8a4b416d46c0549f61dc2758a
14217664,2022-02-16 14:25:10.000,27547,ETH-B,0xa13f1984c44f85b43e643ead1fa73a83ce3aa70a
14341268,2022-03-07 18:16:19.000,27691,ETH-B,0xe6756231dd68d829a56d37906bf9bd0efb61bd22
14557105,2022-04-10 09:17:22.000,27991,ETH-B,0xd8de20d2b4036206244ed26750c41a4844a11e79
14145081,2022-02-05 09:07:33.000,27436,ETH-B,0x10a5c915e732c2bfec3423f9fbb14e60230cb9b8
14261440,2022-02-23 09:10:12.000,27597,ETH-B,0xbd77cb555ce416137a1aa3c13d7e871471b4c697
14192494,2022-02-12 17:01:18.000,27507,ETH-B,0x8de977e82983e683c44f95cd2652855e5f939f54
16199055,2022-12-16 18:29:23.000,29957,ETH-B,0x2f7697a369e8e6012fa17ec5dacbb39820ab3c1a
15318995,2022-08-11 05:55:14.000,29219,ETH-B,0xd8501a345584f9cc7da6c32656f7c18de4623fea
15219909,2022-07-26 19:17:54.000,29085,ETH-B,0x5dcc6a464b6ba26d8e9b32517d18b5eabb219355
14783437,2022-05-16 01:41:34.000,28313,ETH-B,0xf6f08d583a1861986d5b315ac78c50d0d459fa61
14290201,2022-02-27 19:47:56.000,27634,ETH-B,0xae7fa16e37f6a0c12be0c91f288afec5bfb85c43
15747355,2022-10-14 15:50:35.000,29611,ETH-B,0xa83a276e9a720f2ccc557df042399013f12b1b07
14756352,2022-05-11 18:07:28.000,28245,ETH-B,0xec3938c48600561ada1a894acbebc5f6228678a1
15935719,2022-11-09 23:23:47.000,29720,ETH-B,0x1050f365830cf821ed562aff2c01d82a96a6764f
15270305,2022-08-03 15:41:44.000,29150,ETH-B,0xf4d7b67d4fef1cc66a240ad05d5cfa6437efa7f5
14166301,2022-02-08 15:44:52.000,27464,ETH-B,0x6cd9cf89c0b6d98cfc71f4396cef1b58820da3d7
14763578,2022-05-12 21:58:34.000,28274,ETH-B,0x032372600d208dbef14c36a9fdadbad8451fccab
15528824,2022-09-13 20:00:01.000,29432,ETH-B,0x1cd55aade3145aa767cc064341fe97efb2933210
14852577,2022-05-27 06:21:58.000,28447,ETH-B,0x67c768a0fc81e48428e3c8194491fcec218efdd9
13473488,2021-10-23 11:30:34.000,26201,ETH-B,0x1b7063b6bb5cb2149195d9658991141627fc1215
12913270,2021-07-28 07:58:08.000,25142,ETH-B,0xb42df26c3d342095439753736abf14278e550d80
13271931,2021-09-21 22:49:40.000,25780,ETH-B,0x9a1bcacdba54bb2ff0ca83f633bebf0681931f83
12725981,2021-06-29 01:13:03.000,24850,ETH-B,0xff16aa1bc6b18b05134177ce474a181baefaac0d
13345545,2021-10-03 09:57:43.000,25928,ETH-B,0xddb234bbb5774bd950e35aa242ca910e910040e4
12492232,2021-05-23 18:37:28.000,24125,ETH-B,0x97dd34b0b72bbf9c16a9e1c605767d6fbedc01f9
12753185,2021-07-03 07:09:01.000,24908,ETH-B,0xaf6ac1de25c842aa0a36093fb959e37d2f5fc0b6
13456740,2021-10-20 20:41:14.000,26159,ETH-B,0xc4cca066de14e0fbdad00ec08b1120d7d2abdaa9
13484147,2021-10-25 03:23:23.000,26221,ETH-B,0xcfa8745dee0b6e7fc660c4ea41d0bdb6105fac80
12757804,2021-07-04 00:19:42.000,24919,ETH-B,0x67dd99e49e110a149274f9a1f668b65a8872238b
12511800,2021-05-26 19:21:33.000,24256,ETH-B,0xe16e815b2d5993a4d7b600e29ff6161eae90acba
13779119,2021-12-10 18:49:04.000,26911,ETH-B,0x22692a0e9a9d9e01eb32fd215aa0b07e77d366dd
13717952,2021-12-01 00:30:19.000,26779,ETH-B,0xa5eef3abb871ecdb07317f79b29d2db531a7fe42
12600977,2021-06-09 14:54:05.000,24506,ETH-B,0x5e784a9f782cbe8c2f7221dc61a016a425b0d889
13556502,2021-11-05 12:07:44.000,26393,ETH-B,0xd80be7aa6d463cc52f5d9616227cf5cea8b4bcf3
13500680,2021-10-27 17:15:37.000,26259,ETH-B,0x15242e73c1361d4275c1f555259a4e38de0bf971
13524280,2021-10-31 10:32:44.000,26307,ETH-B,0x9050681931a3078d7622065a1fe3482bdb21d050
13159522,2021-09-04 13:42:50.000,25526,ETH-B,0x81c64839bdf45238c45753fe8bbb37db4d38ffbb
12863856,2021-07-20 14:07:29.000,25063,ETH-B,0xbda709b9efe7d5badcd3c03763c3acbd6e9ed08a
12913141,2021-07-28 07:32:28.000,25141,ETH-B,0xc12177b9c555f11be8b65c0a48fbb6c990d09b0b
13518961,2021-10-30 14:20:05.000,26295,ETH-B,0x238c79c31a30085cb4fa2618cb1768a8c7915b20
13586237,2021-11-10 03:53:06.000,26463,ETH-B,0x5213142cdc9fa233431f85a6d807dc37e3da3d5b
13388359,2021-10-10 02:50:33.000,26008,ETH-B,0x37120ea0f914918d4630bd2183181ffa7001ab95
12863795,2021-07-20 13:54:19.000,25062,ETH-B,0x5b0d76af5eda0200ab37e87482ab7b68f31148bd
13268025,2021-09-21 08:28:29.000,25767,ETH-B,0x4ed59ceac756dc3d4d7726425782ae42d7829cea
13386204,2021-10-09 18:43:51.000,25999,ETH-B,0xda7b618d43abc5f8e255908b58f70af6c1dfc446
13627185,2021-11-16 14:46:58.000,26544,ETH-B,0xd7bf9b59343ba2c71c5b02bd6921684ece32549c
13130059,2021-08-31 00:19:51.000,25477,ETH-B,0x1eb009e7ac70fa986bba21f07c713aed7711935c
12666616,2021-06-19 19:10:29.000,24705,ETH-B,0x8ab16ef24e53edd6ee23097782d95f43518ddec7
12547628,2021-06-01 09:02:08.000,24339,ETH-B,0x6841a1600911231cafa4f6b8781d1d13ba9674aa
12474914,2021-05-21 01:59:12.000,24034,ETH-B,0xceb219f3c305a25dbf85252cd852d56ca20b112d
12609435,2021-06-10 22:15:25.000,24527,ETH-B,0x762627d4efd56237af58c388a1ab7343aa4e3e33
